OBJECTID,EventType,EventId,TimeAtSite,DetectionArea,Direction,CameraId,Object1Class,Object2Class,Movement,LocationId,LocationName,Camera_Status,date
15,WWD,67d380ecc5fcf20011e1d59b,1741917948011,Intersection Center,,0,,,,6786b290ddb02855b751179d,Hwy 50 at Meyers (roundabout),Permanent,2025-03-14
16,WWD,67d3816a54bd550011cc65e6,1741918074283,Intersection Center,,0,,,,6786b290ddb02855b751179d,Hwy 50 at Meyers (roundabout),Permanent,2025-03-14
17,WWD,67d3e720c5fcf20011e2165e,1741944112199,West Leg,East,0,,,,6786b290ddb02855b751179d,Hwy 50 at Meyers (roundabout),Permanent,2025-03-14
18,WWD,67d4e2b4e879a5001263eb72,1742008516672,West Leg,West,0,,,,6786b290ddb02855b751179d,Hwy 50 at Meyers (roundabout),Permanent,2025-03-15
19,WWD,67d55c31e98ffa001260c97f,1742039617087,West Leg,East,0,,,,6786b290ddb02855b751179d,Hwy 50 at Meyers (roundabout),Permanent,2025-03-15
20,WWD,67d8d56be98ffa0012632135,1742267258746,East Leg,West,0,,,,6786b290ddb02855b751179d,Hwy 50 at Meyers (roundabout),Permanent,2025-03-18
21,WWD,67d8da77441dac001245b19a,1742268550998,East Leg,West,0,,,,6786b290ddb02855b751179d,Hwy 50 at Meyers (roundabout),Permanent,2025-03-18
22,WWD,67d94df6441dac001245fa1e,1742298118062,West Leg,East,0,,,,6786b290ddb02855b751179d,Hwy 50 at Meyers (roundabout),Permanent,2025-03-18
23,WWD,67d94e6c441dac001245fa68,1742298236135,East Leg,West,0,,,,6786b290ddb02855b751179d,Hwy 50 at Meyers (roundabout),Permanent,2025-03-18
24,WWD,67d9ded3800dab001248eed0,1742335203437,West Leg,East,0,,,,6786b290ddb02855b751179d,Hwy 50 at Meyers (roundabout),Permanent,2025-03-18
25,WWD,67da2d971ae98d0011787c77,1742355367711,West Leg,East,0,,,,6786b290ddb02855b751179d,Hwy 50 at Meyers (roundabout),Permanent,2025-03-19
26,WWD,67da2d9f93717a0012b4885a,1742355374920,West Leg,East,0,,,,6786b290ddb02855b751179d,Hwy 50 at Meyers (roundabout),Permanent,2025-03-19
27,WWD,67db212c93717a0012b52c46,1742417724143,West Leg,East,0,,,,6786b290ddb02855b751179d,Hwy 50 at Meyers (roundabout),Permanent,2025-03-19
28,WWD,67db344430bc190012018c04,1742422612049,South Leg,South,0,,,,6786b290ddb02855b751179d,Hwy 50 at Meyers (roundabout),Permanent,2025-03-19
29,WWD,67db85cea90d21001252b8a4,1742443486062,East Leg,West,0,,,,6786b290ddb02855b751179d,Hwy 50 at Meyers (roundabout),Permanent,2025-03-20
30,WWD,67dcedd0cfeb8c00129587f6,1742535648299,West Leg,East,0,,,,6786b290ddb02855b751179d,Hwy 50 at Meyers (roundabout),Permanent,2025-03-21
31,WWD,67dcfc2aa90d21001253c097,1742539322773,East Leg,West,0,,,,6786b290ddb02855b751179d,Hwy 50 at Meyers (roundabout),Permanent,2025-03-21
32,WWD,67de73f26f9f07001263dd84,1742635522189,Intersection Center,,0,,,,6786b290ddb02855b751179d,Hwy 50 at Meyers (roundabout),Permanent,2025-03-22
33,WWD,67e05a333610b90012912218,1742760002939,West Leg,East,0,,,,6786b290ddb02855b751179d,Hwy 50 at Meyers (roundabout),Permanent,2025-03-23
34,WWD,67e068213610b90012912bf1,1742763569417,West Leg,East,0,,,,6786b290ddb02855b751179d,Hwy 50 at Meyers (roundabout),Permanent,2025-03-23
35,WWD,67e06e3b31138300129b8ccf,1742765130699,West Leg,East,0,,,,6786b290ddb02855b751179d,Hwy 50 at Meyers (roundabout),Permanent,2025-03-23
36,WWD,67e18b9c31138300129c4a3a,1742838188106,West Leg,East,0,,,,6786b290ddb02855b751179d,Hwy 50 at Meyers (roundabout),Permanent,2025-03-24
37,WWD,67e2ee456f9f07001266d79d,1742928980951,West Leg,East,0,,,,6786b290ddb02855b751179d,Hwy 50 at Meyers (roundabout),Permanent,2025-03-25
38,WWD,67e2f337cfeb8c0012998e38,1742930247147,West Leg,East,0,,,,6786b290ddb02855b751179d,Hwy 50 at Meyers (roundabout),Permanent,2025-03-25
39,WWD,67e30e6b4755cf0012884770,1742937211292,West Leg,East,0,,,,6786b290ddb02855b751179d,Hwy 50 at Meyers (roundabout),Permanent,2025-03-25
40,WWD,67e4e9d73610b900129431c1,1743058919352,West Leg,East,0,,,,6786b290ddb02855b751179d,Hwy 50 at Meyers (roundabout),Permanent,2025-03-27
41,WWD,67e64f229c04260012dda61f,1743150385963,West Leg,East,0,,,,6786b290ddb02855b751179d,Hwy 50 at Meyers (roundabout),Permanent,2025-03-28
42,WWD,67e6b9e79c04260012ddf1ca,1743177704083,South Leg,South,0,,,,6786b290ddb02855b751179d,Hwy 50 at Meyers (roundabout),Permanent,2025-03-28
43,WWD,67eb76b8a90d2100125de181,1743488200215,West Leg,East,0,,,,6786b290ddb02855b751179d,Hwy 50 at Meyers (roundabout),Permanent,2025-04-01
44,WWD,67eb9abd9c04260012e187bd,1743497420975,West Leg,East,0,,,,6786b290ddb02855b751179d,Hwy 50 at Meyers (roundabout),Permanent,2025-04-01
45,WWD,67ebb6c8feea71001214bde3,1743504600792,West Leg,East,0,,,,6786b290ddb02855b751179d,Hwy 50 at Meyers (roundabout),Permanent,2025-04-01
46,WWD,67ebb9be26ae0d001245b80f,1743505298610,Intersection Center,,0,,,,6786b290ddb02855b751179d,Hwy 50 at Meyers (roundabout),Permanent,2025-04-01
47,WWD,67ebb9bea0673d0011d6a3bd,1743505316640,Intersection Center,,0,,,,6786b290ddb02855b751179d,Hwy 50 at Meyers (roundabout),Permanent,2025-04-01
48,WWD,67ebb9befeea71001214bff6,1743505334967,West Leg,West,0,,,,6786b290ddb02855b751179d,Hwy 50 at Meyers (roundabout),Permanent,2025-04-01
49,WWD,67edebfda0673d0011d843bb,1743649293689,West Leg,East,0,,,,6786b290ddb02855b751179d,Hwy 50 at Meyers (roundabout),Permanent,2025-04-03
50,WWD,67edfdddf08f220011308a33,1743653868899,Intersection Center,,0,,,,6786b290ddb02855b751179d,Hwy 50 at Meyers (roundabout),Permanent,2025-04-03
51,WWD,67ee5c17feea71001216ac01,1743677991365,Intersection Center,,0,,,,6786b290ddb02855b751179d,Hwy 50 at Meyers (roundabout),Permanent,2025-04-03
52,WWD,67f03716e8204b001207b994,1743799590234,East Leg,East,0,,,,6786b290ddb02855b751179d,Hwy 50 at Meyers (roundabout),Permanent,2025-04-04
53,WWD,67f06c01b2ac120012e37b7d,1743813136714,South Leg,North,0,,,,6786b290ddb02855b751179d,Hwy 50 at Meyers (roundabout),Permanent,2025-04-05
54,WWD,67f06c04f08f220011325b53,1743813140522,South Leg,North,0,,,,6786b290ddb02855b751179d,Hwy 50 at Meyers (roundabout),Permanent,2025-04-05
55,WWD,67f17b79f08f220011332524,1743882633041,West Leg,East,0,,,,6786b290ddb02855b751179d,Hwy 50 at Meyers (roundabout),Permanent,2025-04-05
56,WWD,67f232aee8204b0012093ebc,1743929534532,East Leg,West,0,,,,6786b290ddb02855b751179d,Hwy 50 at Meyers (roundabout),Permanent,2025-04-06
57,WWD,67f408bbe8204b00120a94e1,1744049867222,West Leg,East,0,,,,6786b290ddb02855b751179d,Hwy 50 at Meyers (roundabout),Permanent,2025-04-07
2104,WWD,67f9ef37d320070012b33cd7,1744436551215,West Leg,East,0,,,,6786b290ddb02855b751179d,Hwy 50 at Meyers (roundabout),Permanent,2025-04-12
2105,WWD,67f9f97b4c0f0200124bc974,1744439179066,West Leg,East,0,,,,6786b290ddb02855b751179d,Hwy 50 at Meyers (roundabout),Permanent,2025-04-12
2106,WWD,67f9f97b8626d500126f4cf2,1744439179567,Intersection Center,,0,,,,6786b290ddb02855b751179d,Hwy 50 at Meyers (roundabout),Permanent,2025-04-12
2107,WWD,67f9f9824c0f0200124bc97a,1744439186576,East Leg,East,0,,,,6786b290ddb02855b751179d,Hwy 50 at Meyers (roundabout),Permanent,2025-04-12
2108,WWD,67fb00d8ed6e9c0011d3fcc0,1744506599917,West Leg,East,0,,,,6786b290ddb02855b751179d,Hwy 50 at Meyers (roundabout),Permanent,2025-04-13
2109,WWD,67fb29e50788db0012418700,1744517109169,Intersection Center,,0,,,,6786b290ddb02855b751179d,Hwy 50 at Meyers (roundabout),Permanent,2025-04-13
2110,WWD,67fbfef45f5ed50012c93751,1744571652015,West Leg,East,0,,,,6786b290ddb02855b751179d,Hwy 50 at Meyers (roundabout),Permanent,2025-04-13
2111,WWD,67fbfef86de9300012eeb484,1744571656020,Intersection Center,,0,,,,6786b290ddb02855b751179d,Hwy 50 at Meyers (roundabout),Permanent,2025-04-13
2112,WWD,67fcdc8c0788db001242c60f,1744628380053,West Leg,East,0,,,,6786b290ddb02855b751179d,Hwy 50 at Meyers (roundabout),Permanent,2025-04-14
2113,WWD,67fd665380e902001196981b,1744663651313,West Leg,East,0,,,,6786b290ddb02855b751179d,Hwy 50 at Meyers (roundabout),Permanent,2025-04-14
2114,WWD,67fd665bd320070012b5d744,1744663659323,West Leg,East,0,,,,6786b290ddb02855b751179d,Hwy 50 at Meyers (roundabout),Permanent,2025-04-14
2115,WWD,67fd665f5f5ed50012ca459c,1744663663528,West Leg,East,0,,,,6786b290ddb02855b751179d,Hwy 50 at Meyers (roundabout),Permanent,2025-04-14
2116,WWD,67fd85346de9300012efdd47,1744671556483,West Leg,East,0,,,,6786b290ddb02855b751179d,Hwy 50 at Meyers (roundabout),Permanent,2025-04-14
2117,WWD,67fd97ef5f5ed50012ca6eef,1744676351590,East Leg,East,0,,,,6786b290ddb02855b751179d,Hwy 50 at Meyers (roundabout),Permanent,2025-04-15
2118,WWD,67fdbe120788db00124377e9,1744686114363,West Leg,East,0,,,,6786b290ddb02855b751179d,Hwy 50 at Meyers (roundabout),Permanent,2025-04-15
2119,WWD,67fef82183067600121315be,1744766513811,South Leg,South,0,,,,6786b290ddb02855b751179d,Hwy 50 at Meyers (roundabout),Permanent,2025-04-16
2120,WWD,6800646c85dfc40012bad58c,1744859772147,East Leg,East,0,,,,6786b290ddb02855b751179d,Hwy 50 at Meyers (roundabout),Permanent,2025-04-17
2121,WWD,68008db80dc1be0012e7b014,1744870344109,West Leg,East,0,,,,6786b290ddb02855b751179d,Hwy 50 at Meyers (roundabout),Permanent,2025-04-17
2122,WWD,680130820dc1be0012e82b69,1744912017896,West Leg,East,0,,,,6786b290ddb02855b751179d,Hwy 50 at Meyers (roundabout),Permanent,2025-04-17
2123,WWD,68018b1045d6ef0012be40df,1744935200391,West Leg,East,0,,,,6786b290ddb02855b751179d,Hwy 50 at Meyers (roundabout),Permanent,2025-04-18
2124,WWD,6801e0f645d6ef0012be848e,1744957190207,West Leg,East,0,,,,6786b290ddb02855b751179d,Hwy 50 at Meyers (roundabout),Permanent,2025-04-18
2125,WWD,6802cfc5830676001216193f,1745018325879,West Leg,East,0,,,,6786b290ddb02855b751179d,Hwy 50 at Meyers (roundabout),Permanent,2025-04-18
2126,WWD,6803c8f91324ed0012a15be0,1745082121378,Intersection Center,,0,,,,6786b290ddb02855b751179d,Hwy 50 at Meyers (roundabout),Permanent,2025-04-19
2127,WWD,68042a0da7bfc60012d400bf,1745106973162,Intersection Center,,0,,,,6786b290ddb02855b751179d,Hwy 50 at Meyers (roundabout),Permanent,2025-04-19
2128,WWD,68042a2185dfc40012bdd7bd,1745106993592,West Leg,East,0,,,,6786b290ddb02855b751179d,Hwy 50 at Meyers (roundabout),Permanent,2025-04-19
2129,WWD,6804511aa7bfc60012d4216d,1745116969994,West Leg,East,0,,,,6786b290ddb02855b751179d,Hwy 50 at Meyers (roundabout),Permanent,2025-04-20
2130,WWD,6805486870acff0012e90d12,1745180280787,West Leg,East,0,,,,6786b290ddb02855b751179d,Hwy 50 at Meyers (roundabout),Permanent,2025-04-20
2131,WWD,6805b64633ddeb001216772b,1745208406371,Intersection Center,,0,,,,6786b290ddb02855b751179d,Hwy 50 at Meyers (roundabout),Permanent,2025-04-21
2132,WWD,6806fa4670acff0012ea63e2,1745291350052,West Leg,East,0,,,,6786b290ddb02855b751179d,Hwy 50 at Meyers (roundabout),Permanent,2025-04-22
2133,WWD,68072d63066dcd0011aa93d6,1745304435314,West Leg,East,0,,,,6786b290ddb02855b751179d,Hwy 50 at Meyers (roundabout),Permanent,2025-04-22
2134,WWD,680784ee6e3d0100124bb5c3,1745326845923,East Leg,West,0,,,,6786b290ddb02855b751179d,Hwy 50 at Meyers (roundabout),Permanent,2025-04-22
2135,WWD,6808f47ff75caa0012379aa6,1745420943003,Intersection Center,,0,,,,6786b290ddb02855b751179d,Hwy 50 at Meyers (roundabout),Permanent,2025-04-23
2136,WWD,680c063552d77a00112e3c58,1745622085076,West Leg,East,0,,,,6786b290ddb02855b751179d,Hwy 50 at Meyers (roundabout),Permanent,2025-04-25
2137,WWD,680c13532c9a0500127b44be,1745625443595,West Leg,East,0,,,,6786b290ddb02855b751179d,Hwy 50 at Meyers (roundabout),Permanent,2025-04-25
2138,WWD,680c135878b63e0011a7c8ee,1745625448201,Intersection Center,,0,,,,6786b290ddb02855b751179d,Hwy 50 at Meyers (roundabout),Permanent,2025-04-25
2139,WWD,680c4aa478b63e0011a7f6ff,1745639604413,West Leg,East,0,,,,6786b290ddb02855b751179d,Hwy 50 at Meyers (roundabout),Permanent,2025-04-26
2140,WWD,680c50aef75caa00123a4753,1745641150636,West Leg,East,0,,,,6786b290ddb02855b751179d,Hwy 50 at Meyers (roundabout),Permanent,2025-04-26
2141,WWD,680d1d0664738f0012b2c800,1745693461983,West Leg,East,0,,,,6786b290ddb02855b751179d,Hwy 50 at Meyers (roundabout),Permanent,2025-04-26
2142,WWD,680d31bc9463f100120030bf,1745698764575,West Leg,East,0,,,,6786b290ddb02855b751179d,Hwy 50 at Meyers (roundabout),Permanent,2025-04-26
2143,WWD,680d595752d77a00112f466f,1745708903819,West Leg,East,0,,,,6786b290ddb02855b751179d,Hwy 50 at Meyers (roundabout),Permanent,2025-04-26
2144,WWD,680da3e364738f0012b33736,1745727987125,West Leg,East,0,,,,6786b290ddb02855b751179d,Hwy 50 at Meyers (roundabout),Permanent,2025-04-27
2145,WWD,680ed56ef75caa00123c39ec,1745806206599,West Leg,East,0,,,,6786b290ddb02855b751179d,Hwy 50 at Meyers (roundabout),Permanent,2025-04-28
2146,WWD,680ed5732c9a0500127d69a5,1745806211005,Intersection Center,,0,,,,6786b290ddb02855b751179d,Hwy 50 at Meyers (roundabout),Permanent,2025-04-28
2147,WWD,681064698601aa0012b4b01a,1745908345364,East Leg,West,0,,,,6786b290ddb02855b751179d,Hwy 50 at Meyers (roundabout),Permanent,2025-04-29
2148,WWD,68112caa7e495d00113ce766,1745959610692,West Leg,East,0,,,,6786b290ddb02855b751179d,Hwy 50 at Meyers (roundabout),Permanent,2025-04-29
2149,WWD,6811310bc5db7800113d66c4,1745960731868,Intersection Center,,0,,,,6786b290ddb02855b751179d,Hwy 50 at Meyers (roundabout),Permanent,2025-04-29
2150,WWD,6812f438bc47fb0012e6574e,1746076231944,South Leg,South,0,,,,6786b290ddb02855b751179d,Hwy 50 at Meyers (roundabout),Permanent,2025-05-01
2151,WWD,68161834e799fb001266e225,1746282052281,Intersection Center,,0,,,,6786b290ddb02855b751179d,Hwy 50 at Meyers (roundabout),Permanent,2025-05-03
2152,WWD,6816ec974d5a95001228c672,1746336423320,East Leg,West,0,,,,6786b290ddb02855b751179d,Hwy 50 at Meyers (roundabout),Permanent,2025-05-04
2153,WWD,6818c4cee799fb001268f518,1746457310110,Intersection Center,,0,,,,6786b290ddb02855b751179d,Hwy 50 at Meyers (roundabout),Permanent,2025-05-05
2154,WWD,681e749f3a9a380011e1f2a6,1746829999391,West Leg,East,0,,,,6786b290ddb02855b751179d,Hwy 50 at Meyers (roundabout),Permanent,2025-05-09
4288,WWD,6822bdbbffbe8b0012b246c6,1747110859640,West Leg,East,0,,,,6786b290ddb02855b751179d,Hwy 50 at Meyers (roundabout),Permanent,2025-05-13
4289,WWD,68254f4789793e001373b88f,1747279191590,East Leg,West,0,,,,6786b290ddb02855b751179d,Hwy 50 at Meyers (roundabout),Permanent,2025-05-15
4290,WWD,68270e7b89793e0013751b60,1747393675246,East Leg,West,0,,,,6786b290ddb02855b751179d,Hwy 50 at Meyers (roundabout),Permanent,2025-05-16
4291,WWD,68286ee389793e0013763c73,1747483891812,East Leg,East,0,,,,6786b290ddb02855b751179d,Hwy 50 at Meyers (roundabout),Permanent,2025-05-17
4292,WWD,6829e2a968f56b0012662863,1747579064953,Intersection Center,,0,,,,6786b290ddb02855b751179d,Hwy 50 at Meyers (roundabout),Permanent,2025-05-18
4293,WWD,6830bae52787ea0012d29a4c,1748027637027,West Leg,East,0,,,,6786b290ddb02855b751179d,Hwy 50 at Meyers (roundabout),Permanent,2025-05-23
4294,WWD,6833b5b54d454b0012dfa5aa,1748222917312,West Leg,East,0,,,,6786b290ddb02855b751179d,Hwy 50 at Meyers (roundabout),Permanent,2025-05-26
4295,WWD,6833b5bac720b400126642ae,1748222922524,Intersection Center,,0,,,,6786b290ddb02855b751179d,Hwy 50 at Meyers (roundabout),Permanent,2025-05-26
4296,WWD,683478bf96d1a60012d32539,1748272847197,East Leg,East,0,,,,6786b290ddb02855b751179d,Hwy 50 at Meyers (roundabout),Permanent,2025-05-26
4297,WWD,6837e55c5224dd0012761f16,1748497260056,East Leg,West,0,,,,6786b290ddb02855b751179d,Hwy 50 at Meyers (roundabout),Permanent,2025-05-29
4298,WWD,6839067a5224dd0012770cf0,1748571274313,West Leg,East,0,,,,6786b290ddb02855b751179d,Hwy 50 at Meyers (roundabout),Permanent,2025-05-30
4299,WWD,683a855b1a0ff60012530111,1748669291727,East Leg,West,0,,,,6786b290ddb02855b751179d,Hwy 50 at Meyers (roundabout),Permanent,2025-05-31
4300,WWD,683d466aba8eac001222e37b,1748849786016,East Leg,West,0,,,,6786b290ddb02855b751179d,Hwy 50 at Meyers (roundabout),Permanent,2025-06-02
4301,WWD,683dcc1d2d81d70012937939,1748884013337,East Leg,West,0,,,,6786b290ddb02855b751179d,Hwy 50 at Meyers (roundabout),Permanent,2025-06-02
4302,WWD,68406410ba8eac001225798b,1749053984036,Intersection Center,,0,,,,6786b290ddb02855b751179d,Hwy 50 at Meyers (roundabout),Permanent,2025-06-04
4303,WWD,6840b42dfba07f001258b3dc,1749074493007,West Leg,East,0,,,,6786b290ddb02855b751179d,Hwy 50 at Meyers (roundabout),Permanent,2025-06-04
4304,WWD,68413804fba07f00125925b0,1749108244880,East Leg,West,0,,,,6786b290ddb02855b751179d,Hwy 50 at Meyers (roundabout),Permanent,2025-06-05
4305,WWD,68435c3c2b16c2001238c1f1,1749248588624,South Leg,North,0,,,,6786b290ddb02855b751179d,Hwy 50 at Meyers (roundabout),Permanent,2025-06-06
4306,WWD,6845c1ca2b16c200123ade49,1749405658929,East Leg,East,0,,,,6786b290ddb02855b751179d,Hwy 50 at Meyers (roundabout),Permanent,2025-06-08
6762,WWD,684c4fcc7b74dc0011157cc9,1749835228588,West Leg,East,0,,,,6786b290ddb02855b751179d,Hwy 50 at Meyers (roundabout),Permanent,2025-06-13
6763,WWD,6857900b4b9965001255fd7c,1750572571629,East Leg,West,0,,,,6786b290ddb02855b751179d,Hwy 50 at Meyers (roundabout),Permanent,2025-06-22
6764,WWD,68582eb44a19090012599595,1750613188771,Intersection Center,,0,,,,6786b290ddb02855b751179d,Hwy 50 at Meyers (roundabout),Permanent,2025-06-22
6765,WWD,685852b34a1909001259b7c6,1750622403591,West Leg,East,0,,,,6786b290ddb02855b751179d,Hwy 50 at Meyers (roundabout),Permanent,2025-06-22
6766,WWD,6858707d2d276d0012bf2bd5,1750630029559,West Leg,East,0,,,,6786b290ddb02855b751179d,Hwy 50 at Meyers (roundabout),Permanent,2025-06-22
6767,WWD,68657794e8523d0012efdb66,1751483812396,East Leg,East,0,,,,6786b290ddb02855b751179d,Hwy 50 at Meyers (roundabout),Permanent,2025-07-02
6768,WWD,6869bb3cc80c380012e25b6c,1751763276863,West Leg,East,0,,,,6786b290ddb02855b751179d,Hwy 50 at Meyers (roundabout),Permanent,2025-07-06
6769,WWD,686b42adea4a130012b30fdc,1751863484911,East Leg,West,0,,,,6786b290ddb02855b751179d,Hwy 50 at Meyers (roundabout),Permanent,2025-07-07
6770,WWD,686bc16ffef7be0012e61778,1751895935305,Intersection Center,,0,,,,6786b290ddb02855b751179d,Hwy 50 at Meyers (roundabout),Permanent,2025-07-07
11284,WWD,6870e45dab636a00124e2d94,1752232557760,West Leg,East,0,,,,6786b290ddb02855b751179d,Hwy 50 at Meyers (roundabout),Permanent,2025-07-11
11285,WWD,6870e465ab636a00124e2d9d,1752232564769,Intersection Center,,0,,,,6786b290ddb02855b751179d,Hwy 50 at Meyers (roundabout),Permanent,2025-07-11
11286,WWD,68716f913708700012878d8e,1752268192988,West Leg,East,0,,,,6786b290ddb02855b751179d,Hwy 50 at Meyers (roundabout),Permanent,2025-07-11
11287,WWD,687173baab636a00124ec183,1752269258165,South Leg,North,0,,,,6786b290ddb02855b751179d,Hwy 50 at Meyers (roundabout),Permanent,2025-07-11
11288,WWD,687173d6eb00050012b664dd,1752269286401,South Leg,North,0,,,,6786b290ddb02855b751179d,Hwy 50 at Meyers (roundabout),Permanent,2025-07-11
11289,WWD,6871a4e4ab636a00124ef71f,1752281844129,South Leg,North,0,,,,6786b290ddb02855b751179d,Hwy 50 at Meyers (roundabout),Permanent,2025-07-12
11290,WWD,687242714e334d00128caed4,1752322177358,East Leg,West,0,,,,6786b290ddb02855b751179d,Hwy 50 at Meyers (roundabout),Permanent,2025-07-12
11291,WWD,6872f976eb00050012b7f22d,1752369030010,West Leg,East,0,,,,6786b290ddb02855b751179d,Hwy 50 at Meyers (roundabout),Permanent,2025-07-13
11292,WWD,68735e08ab636a001250b76e,1752394776639,West Leg,East,0,,,,6786b290ddb02855b751179d,Hwy 50 at Meyers (roundabout),Permanent,2025-07-13
11293,WWD,6873612d101349001237ed85,1752395581323,East Leg,West,0,,,,6786b290ddb02855b751179d,Hwy 50 at Meyers (roundabout),Permanent,2025-07-13
11294,WWD,687361314e334d00128dda22,1752395585528,South Leg,South,0,,,,6786b290ddb02855b751179d,Hwy 50 at Meyers (roundabout),Permanent,2025-07-13
11295,WWD,68774d093c8acc0012c7fe26,1752652569763,West Leg,East,0,,,,6786b290ddb02855b751179d,Hwy 50 at Meyers (roundabout),Permanent,2025-07-16
11296,WWD,68774d219fa2da00128c3380,1752652593800,Intersection Center,,0,,,,6786b290ddb02855b751179d,Hwy 50 at Meyers (roundabout),Permanent,2025-07-16
11297,WWD,687c66e8b309c4001235776d,1752986871376,East Leg,West,0,,,,6786b290ddb02855b751179d,Hwy 50 at Meyers (roundabout),Permanent,2025-07-20
11298,WWD,687ceb32b309c4001235efb4,1753020738028,East Leg,East,0,,,,6786b290ddb02855b751179d,Hwy 50 at Meyers (roundabout),Permanent,2025-07-20
11299,WWD,687d0d12f5c1e2001230c887,1753029410547,West Leg,East,0,,,,6786b290ddb02855b751179d,Hwy 50 at Meyers (roundabout),Permanent,2025-07-20
11300,WWD,687fbb25b309c4001238b8c6,1753205045694,East Leg,West,0,,,,6786b290ddb02855b751179d,Hwy 50 at Meyers (roundabout),Permanent,2025-07-22
11301,WWD,687fbb29b309c4001238b8c7,1753205049700,West Leg,West,0,,,,6786b290ddb02855b751179d,Hwy 50 at Meyers (roundabout),Permanent,2025-07-22
11302,WWD,687fbb2af5c1e20012336efd,1753205050400,East Leg,West,0,,,,6786b290ddb02855b751179d,Hwy 50 at Meyers (roundabout),Permanent,2025-07-22
11303,WWD,687fbb2d9975980012ff307c,1753205053404,East Leg,West,0,,,,6786b290ddb02855b751179d,Hwy 50 at Meyers (roundabout),Permanent,2025-07-22
11304,WWD,687fbb30b309c4001238b8cf,1753205056208,East Leg,West,0,,,,6786b290ddb02855b751179d,Hwy 50 at Meyers (roundabout),Permanent,2025-07-22
11305,WWD,687fbb329975980012ff3083,1753205057910,East Leg,West,0,,,,6786b290ddb02855b751179d,Hwy 50 at Meyers (roundabout),Permanent,2025-07-22
11306,WWD,687fbb34f5c1e20012336f0a,1753205060813,East Leg,West,0,,,,6786b290ddb02855b751179d,Hwy 50 at Meyers (roundabout),Permanent,2025-07-22
11307,WWD,687fbb3546695900127c4980,1753205061814,East Leg,West,0,,,,6786b290ddb02855b751179d,Hwy 50 at Meyers (roundabout),Permanent,2025-07-22
11308,WWD,687fbb40b309c4001238b8e3,1753205072246,West Leg,West,0,,,,6786b290ddb02855b751179d,Hwy 50 at Meyers (roundabout),Permanent,2025-07-22
11309,WWD,687fbb41b309c4001238b8e5,1753205072857,East Leg,West,0,,,,6786b290ddb02855b751179d,Hwy 50 at Meyers (roundabout),Permanent,2025-07-22
11310,WWD,687fbb42ffba9e00120f238b,1753205072957,West Leg,West,0,,,,6786b290ddb02855b751179d,Hwy 50 at Meyers (roundabout),Permanent,2025-07-22
11311,WWD,687fbb43b309c4001238b8e6,1753205075661,West Leg,West,0,,,,6786b290ddb02855b751179d,Hwy 50 at Meyers (roundabout),Permanent,2025-07-22
11312,WWD,687fbb4446695900127c4994,1753205076562,East Leg,West,0,,,,6786b290ddb02855b751179d,Hwy 50 at Meyers (roundabout),Permanent,2025-07-22
11313,WWD,687fbb472738c00012ddf5a6,1753205079064,East Leg,West,0,,,,6786b290ddb02855b751179d,Hwy 50 at Meyers (roundabout),Permanent,2025-07-22
11314,WWD,687fbb47b309c4001238b8e9,1753205079064,South Leg,South,0,,,,6786b290ddb02855b751179d,Hwy 50 at Meyers (roundabout),Permanent,2025-07-22
11315,WWD,687fbb49ffba9e00120f2393,1753205081266,East Leg,West,0,,,,6786b290ddb02855b751179d,Hwy 50 at Meyers (roundabout),Permanent,2025-07-22
11316,WWD,687fbcce2738c00012ddf75b,1753205470550,East Leg,West,0,,,,6786b290ddb02855b751179d,Hwy 50 at Meyers (roundabout),Permanent,2025-07-22
11317,WWD,687fbcd29975980012ff3234,1753205474155,East Leg,West,0,,,,6786b290ddb02855b751179d,Hwy 50 at Meyers (roundabout),Permanent,2025-07-22
11318,WWD,687fbcecb309c4001238baa5,1753205499995,East Leg,West,0,,,,6786b290ddb02855b751179d,Hwy 50 at Meyers (roundabout),Permanent,2025-07-22
11319,WWD,687fbcf0f5c1e200123370d8,1753205504002,East Leg,West,0,,,,6786b290ddb02855b751179d,Hwy 50 at Meyers (roundabout),Permanent,2025-07-22
11320,WWD,687fbcf2ffba9e00120f254f,1753205505905,East Leg,West,0,,,,6786b290ddb02855b751179d,Hwy 50 at Meyers (roundabout),Permanent,2025-07-22
11321,WWD,687fbcfc9975980012ff3266,1753205516523,East Leg,West,0,,,,6786b290ddb02855b751179d,Hwy 50 at Meyers (roundabout),Permanent,2025-07-22
11322,WWD,687fbcff9975980012ff326a,1753205519532,East Leg,West,0,,,,6786b290ddb02855b751179d,Hwy 50 at Meyers (roundabout),Permanent,2025-07-22
11323,WWD,687fbd01b309c4001238babc,1753205521535,East Leg,West,0,,,,6786b290ddb02855b751179d,Hwy 50 at Meyers (roundabout),Permanent,2025-07-22
11324,WWD,687fbd07b309c4001238bac1,1753205527242,East Leg,West,0,,,,6786b290ddb02855b751179d,Hwy 50 at Meyers (roundabout),Permanent,2025-07-22
11325,WWD,687fbd0b46695900127c4b76,1753205531147,East Leg,West,0,,,,6786b290ddb02855b751179d,Hwy 50 at Meyers (roundabout),Permanent,2025-07-22
11326,WWD,687fbd0e9975980012ff3276,1753205533956,East Leg,West,0,,,,6786b290ddb02855b751179d,Hwy 50 at Meyers (roundabout),Permanent,2025-07-22
11327,WWD,687fbd13b309c4001238bace,1753205539263,East Leg,West,0,,,,6786b290ddb02855b751179d,Hwy 50 at Meyers (roundabout),Permanent,2025-07-22
11328,WWD,687fbd1b2738c00012ddf7af,1753205541666,East Leg,West,0,,,,6786b290ddb02855b751179d,Hwy 50 at Meyers (roundabout),Permanent,2025-07-22
11329,WWD,687fbd329975980012ff3299,1753205570323,East Leg,West,0,,,,6786b290ddb02855b751179d,Hwy 50 at Meyers (roundabout),Permanent,2025-07-22
11330,WWD,687fbd3bf5c1e20012337122,1753205578935,East Leg,West,0,,,,6786b290ddb02855b751179d,Hwy 50 at Meyers (roundabout),Permanent,2025-07-22
11331,WWD,687fbd3e46695900127c4ba5,1753205581938,West Leg,West,0,,,,6786b290ddb02855b751179d,Hwy 50 at Meyers (roundabout),Permanent,2025-07-22
11332,WWD,687fbd42b309c4001238baff,1753205586245,West Leg,West,0,,,,6786b290ddb02855b751179d,Hwy 50 at Meyers (roundabout),Permanent,2025-07-22
11333,WWD,687fbd42ffba9e00120f25a9,1753205586846,East Leg,West,0,,,,6786b290ddb02855b751179d,Hwy 50 at Meyers (roundabout),Permanent,2025-07-22
11334,WWD,687fbd4846695900127c4bae,1753205592856,West Leg,West,0,,,,6786b290ddb02855b751179d,Hwy 50 at Meyers (roundabout),Permanent,2025-07-22
11335,WWD,687fbd49f5c1e20012337132,1753205593056,East Leg,West,0,,,,6786b290ddb02855b751179d,Hwy 50 at Meyers (roundabout),Permanent,2025-07-22
11336,WWD,687fbd4ab309c4001238bb04,1753205594658,East Leg,West,0,,,,6786b290ddb02855b751179d,Hwy 50 at Meyers (roundabout),Permanent,2025-07-22
11337,WWD,687fbdc4b309c4001238bb8f,1753205716143,East Leg,West,0,,,,6786b290ddb02855b751179d,Hwy 50 at Meyers (roundabout),Permanent,2025-07-22
11338,WWD,687fbdc546695900127c4c34,1753205717745,East Leg,West,0,,,,6786b290ddb02855b751179d,Hwy 50 at Meyers (roundabout),Permanent,2025-07-22
11339,WWD,687fbf31f5c1e20012337354,1753206081332,East Leg,West,0,,,,6786b290ddb02855b751179d,Hwy 50 at Meyers (roundabout),Permanent,2025-07-22
11340,WWD,687fbf3346695900127c4db0,1753206083235,East Leg,West,0,,,,6786b290ddb02855b751179d,Hwy 50 at Meyers (roundabout),Permanent,2025-07-22
11341,WWD,687fbf39ffba9e00120f27af,1753206089543,East Leg,West,0,,,,6786b290ddb02855b751179d,Hwy 50 at Meyers (roundabout),Permanent,2025-07-22
11342,WWD,687fbf3cf5c1e2001233735f,1753206092346,East Leg,West,0,,,,6786b290ddb02855b751179d,Hwy 50 at Meyers (roundabout),Permanent,2025-07-22
11343,WWD,687fbf40b309c4001238bd23,1753206096551,East Leg,West,0,,,,6786b290ddb02855b751179d,Hwy 50 at Meyers (roundabout),Permanent,2025-07-22
11344,WWD,687fbf44ffba9e00120f27bd,1753206099955,East Leg,West,0,,,,6786b290ddb02855b751179d,Hwy 50 at Meyers (roundabout),Permanent,2025-07-22
11345,WWD,687fbf46ffba9e00120f27c2,1753206102457,East Leg,West,0,,,,6786b290ddb02855b751179d,Hwy 50 at Meyers (roundabout),Permanent,2025-07-22
11346,WWD,687fbf4bf5c1e2001233736c,1753206106966,East Leg,West,0,,,,6786b290ddb02855b751179d,Hwy 50 at Meyers (roundabout),Permanent,2025-07-22
11347,WWD,687fbf4f2738c00012ddfa0f,1753206111776,East Leg,West,0,,,,6786b290ddb02855b751179d,Hwy 50 at Meyers (roundabout),Permanent,2025-07-22
11348,WWD,687fbf53ffba9e00120f27d0,1753206115279,East Leg,West,0,,,,6786b290ddb02855b751179d,Hwy 50 at Meyers (roundabout),Permanent,2025-07-22
11349,WWD,687fbf56ffba9e00120f27d3,1753206118184,East Leg,West,0,,,,6786b290ddb02855b751179d,Hwy 50 at Meyers (roundabout),Permanent,2025-07-22
11350,WWD,687fbf59b309c4001238bd3d,1753206120887,East Leg,West,0,,,,6786b290ddb02855b751179d,Hwy 50 at Meyers (roundabout),Permanent,2025-07-22
11351,WWD,687fbf5cf5c1e20012337382,1753206124391,East Leg,West,0,,,,6786b290ddb02855b751179d,Hwy 50 at Meyers (roundabout),Permanent,2025-07-22
11352,WWD,687fbf60ffba9e00120f27df,1753206127895,East Leg,West,0,,,,6786b290ddb02855b751179d,Hwy 50 at Meyers (roundabout),Permanent,2025-07-22
11353,WWD,687fbf63ffba9e00120f27e3,1753206131702,East Leg,West,0,,,,6786b290ddb02855b751179d,Hwy 50 at Meyers (roundabout),Permanent,2025-07-22
11354,WWD,687fbf6646695900127c4dec,1753206134304,East Leg,West,0,,,,6786b290ddb02855b751179d,Hwy 50 at Meyers (roundabout),Permanent,2025-07-22
11355,WWD,687fbfe3f5c1e2001233740f,1753206259372,East Leg,West,0,,,,6786b290ddb02855b751179d,Hwy 50 at Meyers (roundabout),Permanent,2025-07-22
11356,WWD,687fbfe646695900127c4e78,1753206262476,East Leg,West,0,,,,6786b290ddb02855b751179d,Hwy 50 at Meyers (roundabout),Permanent,2025-07-22
11357,WWD,687fbfe9ffba9e00120f286b,1753206265580,East Leg,West,0,,,,6786b290ddb02855b751179d,Hwy 50 at Meyers (roundabout),Permanent,2025-07-22
11358,WWD,687fbfedf5c1e2001233741b,1753206268884,East Leg,West,0,,,,6786b290ddb02855b751179d,Hwy 50 at Meyers (roundabout),Permanent,2025-07-22
11359,WWD,687fbff0f5c1e20012337420,1753206272193,East Leg,West,0,,,,6786b290ddb02855b751179d,Hwy 50 at Meyers (roundabout),Permanent,2025-07-22
11360,WWD,687fbff346695900127c4e86,1753206274996,East Leg,West,0,,,,6786b290ddb02855b751179d,Hwy 50 at Meyers (roundabout),Permanent,2025-07-22
11361,WWD,687fbff52738c00012ddfac3,1753206277499,East Leg,West,0,,,,6786b290ddb02855b751179d,Hwy 50 at Meyers (roundabout),Permanent,2025-07-22
11362,WWD,687fbff92738c00012ddfac7,1753206280903,East Leg,West,0,,,,6786b290ddb02855b751179d,Hwy 50 at Meyers (roundabout),Permanent,2025-07-22
11363,WWD,687fbffe46695900127c4e91,1753206286427,East Leg,West,0,,,,6786b290ddb02855b751179d,Hwy 50 at Meyers (roundabout),Permanent,2025-07-22
11364,WWD,687fc00a9975980012ff3597,1753206298144,East Leg,West,0,,,,6786b290ddb02855b751179d,Hwy 50 at Meyers (roundabout),Permanent,2025-07-22
11365,WWD,687fc1bb9975980012ff377d,1753206731140,East Leg,West,0,,,,6786b290ddb02855b751179d,Hwy 50 at Meyers (roundabout),Permanent,2025-07-22
11366,WWD,687fc1bcf5c1e20012337603,1753206732642,East Leg,West,0,,,,6786b290ddb02855b751179d,Hwy 50 at Meyers (roundabout),Permanent,2025-07-22
11367,WWD,687fc1c32738c00012ddfca8,1753206739451,East Leg,West,0,,,,6786b290ddb02855b751179d,Hwy 50 at Meyers (roundabout),Permanent,2025-07-22
11368,WWD,687fc1c546695900127c506f,1753206741653,East Leg,West,0,,,,6786b290ddb02855b751179d,Hwy 50 at Meyers (roundabout),Permanent,2025-07-22
11369,WWD,687fc20bb309c4001238c012,1753206811552,East Leg,West,0,,,,6786b290ddb02855b751179d,Hwy 50 at Meyers (roundabout),Permanent,2025-07-22
11370,WWD,687fc20effba9e00120f2ab4,1753206814456,East Leg,West,0,,,,6786b290ddb02855b751179d,Hwy 50 at Meyers (roundabout),Permanent,2025-07-22
11371,WWD,687fc2112738c00012ddfcf8,1753206816960,East Leg,West,0,,,,6786b290ddb02855b751179d,Hwy 50 at Meyers (roundabout),Permanent,2025-07-22
11372,WWD,687fc216ffba9e00120f2abd,1753206821966,East Leg,West,0,,,,6786b290ddb02855b751179d,Hwy 50 at Meyers (roundabout),Permanent,2025-07-22
11373,WWD,687fc218ffba9e00120f2ac1,1753206824670,East Leg,West,0,,,,6786b290ddb02855b751179d,Hwy 50 at Meyers (roundabout),Permanent,2025-07-22
11374,WWD,687fc21b9975980012ff37e2,1753206826972,East Leg,West,0,,,,6786b290ddb02855b751179d,Hwy 50 at Meyers (roundabout),Permanent,2025-07-22
11375,WWD,687fc2622738c00012ddfd49,1753206898215,East Leg,West,0,,,,6786b290ddb02855b751179d,Hwy 50 at Meyers (roundabout),Permanent,2025-07-22
11376,WWD,687fc2652738c00012ddfd4c,1753206901225,East Leg,West,0,,,,6786b290ddb02855b751179d,Hwy 50 at Meyers (roundabout),Permanent,2025-07-22
11377,WWD,687fc268f5c1e200123376b8,1753206903928,East Leg,West,0,,,,6786b290ddb02855b751179d,Hwy 50 at Meyers (roundabout),Permanent,2025-07-22
11378,WWD,687fc26a9975980012ff3831,1753206906331,East Leg,West,0,,,,6786b290ddb02855b751179d,Hwy 50 at Meyers (roundabout),Permanent,2025-07-22
11379,WWD,687fc26d9975980012ff3834,1753206909734,East Leg,West,0,,,,6786b290ddb02855b751179d,Hwy 50 at Meyers (roundabout),Permanent,2025-07-22
11380,WWD,687fc2702738c00012ddfd5a,1753206912239,East Leg,West,0,,,,6786b290ddb02855b751179d,Hwy 50 at Meyers (roundabout),Permanent,2025-07-22
11381,WWD,687fc2ecb309c4001238c0f3,1753207036304,East Leg,West,0,,,,6786b290ddb02855b751179d,Hwy 50 at Meyers (roundabout),Permanent,2025-07-22
11382,WWD,687fc2ed9975980012ff38b8,1753207037505,East Leg,West,0,,,,6786b290ddb02855b751179d,Hwy 50 at Meyers (roundabout),Permanent,2025-07-22
11383,WWD,687fc2f246695900127c51c7,1753207042011,East Leg,West,0,,,,6786b290ddb02855b751179d,Hwy 50 at Meyers (roundabout),Permanent,2025-07-22
11384,WWD,687fc2f546695900127c51cd,1753207045816,East Leg,West,0,,,,6786b290ddb02855b751179d,Hwy 50 at Meyers (roundabout),Permanent,2025-07-22
11385,WWD,687fc2f9f5c1e20012337756,1753207049222,East Leg,West,0,,,,6786b290ddb02855b751179d,Hwy 50 at Meyers (roundabout),Permanent,2025-07-22
11386,WWD,687fc2fb2738c00012ddfdeb,1753207051825,East Leg,West,0,,,,6786b290ddb02855b751179d,Hwy 50 at Meyers (roundabout),Permanent,2025-07-22
11387,WWD,687fc2ffb309c4001238c103,1753207055341,East Leg,West,0,,,,6786b290ddb02855b751179d,Hwy 50 at Meyers (roundabout),Permanent,2025-07-22
11388,WWD,687fc30346695900127c51db,1753207059249,East Leg,West,0,,,,6786b290ddb02855b751179d,Hwy 50 at Meyers (roundabout),Permanent,2025-07-22
11389,WWD,687fc3082738c00012ddfdfc,1753207063957,East Leg,West,0,,,,6786b290ddb02855b751179d,Hwy 50 at Meyers (roundabout),Permanent,2025-07-22
11390,WWD,687fc30af5c1e20012337761,1753207066462,East Leg,West,0,,,,6786b290ddb02855b751179d,Hwy 50 at Meyers (roundabout),Permanent,2025-07-22
11391,WWD,687fc30cf5c1e20012337763,1753207068466,East Leg,West,0,,,,6786b290ddb02855b751179d,Hwy 50 at Meyers (roundabout),Permanent,2025-07-22
11392,WWD,687fc4979975980012ff3a7a,1753207462906,East Leg,West,0,,,,6786b290ddb02855b751179d,Hwy 50 at Meyers (roundabout),Permanent,2025-07-22
11393,WWD,687fc49b2738c00012ddffbd,1753207467512,East Leg,West,0,,,,6786b290ddb02855b751179d,Hwy 50 at Meyers (roundabout),Permanent,2025-07-22
11394,WWD,687fc4a52738c00012ddffc7,1753207477324,East Leg,West,0,,,,6786b290ddb02855b751179d,Hwy 50 at Meyers (roundabout),Permanent,2025-07-22
11395,WWD,687fc4a99975980012ff3a8a,1753207480828,East Leg,West,0,,,,6786b290ddb02855b751179d,Hwy 50 at Meyers (roundabout),Permanent,2025-07-22
11396,WWD,687fc4ab46695900127c537c,1753207483030,East Leg,West,0,,,,6786b290ddb02855b751179d,Hwy 50 at Meyers (roundabout),Permanent,2025-07-22
11397,WWD,687fc4b746695900127c538a,1753207495047,East Leg,West,0,,,,6786b290ddb02855b751179d,Hwy 50 at Meyers (roundabout),Permanent,2025-07-22
11398,WWD,687fc4b9b309c4001238c2d3,1753207497650,East Leg,West,0,,,,6786b290ddb02855b751179d,Hwy 50 at Meyers (roundabout),Permanent,2025-07-22
11399,WWD,687fc4bcf5c1e20012337936,1753207499857,East Leg,West,0,,,,6786b290ddb02855b751179d,Hwy 50 at Meyers (roundabout),Permanent,2025-07-22
11400,WWD,687fc4c0ffba9e00120f2d9f,1753207504062,East Leg,West,0,,,,6786b290ddb02855b751179d,Hwy 50 at Meyers (roundabout),Permanent,2025-07-22
11401,WWD,687fc4c2f5c1e2001233793e,1753207506264,East Leg,West,0,,,,6786b290ddb02855b751179d,Hwy 50 at Meyers (roundabout),Permanent,2025-07-22
11402,WWD,687fc4c5b309c4001238c2e0,1753207509170,East Leg,West,0,,,,6786b290ddb02855b751179d,Hwy 50 at Meyers (roundabout),Permanent,2025-07-22
11403,WWD,687fc4c646695900127c539b,1753207510771,East Leg,West,0,,,,6786b290ddb02855b751179d,Hwy 50 at Meyers (roundabout),Permanent,2025-07-22
11404,WWD,687fc4c8ffba9e00120f2da8,1753207512573,East Leg,West,0,,,,6786b290ddb02855b751179d,Hwy 50 at Meyers (roundabout),Permanent,2025-07-22
11405,WWD,687fc4cbffba9e00120f2dae,1753207515678,East Leg,West,0,,,,6786b290ddb02855b751179d,Hwy 50 at Meyers (roundabout),Permanent,2025-07-22
11406,WWD,687fc4cd46695900127c53a1,1753207517288,West Leg,West,0,,,,6786b290ddb02855b751179d,Hwy 50 at Meyers (roundabout),Permanent,2025-07-22
11407,WWD,687fc4d8b309c4001238c2fb,1753207528508,East Leg,West,0,,,,6786b290ddb02855b751179d,Hwy 50 at Meyers (roundabout),Permanent,2025-07-22
11408,WWD,687fc55746695900127c5442,1753207655489,East Leg,West,0,,,,6786b290ddb02855b751179d,Hwy 50 at Meyers (roundabout),Permanent,2025-07-22
11409,WWD,687fc55db309c4001238c37d,1753207661497,East Leg,West,0,,,,6786b290ddb02855b751179d,Hwy 50 at Meyers (roundabout),Permanent,2025-07-22
11410,WWD,687fc560ffba9e00120f2e55,1753207664702,East Leg,West,0,,,,6786b290ddb02855b751179d,Hwy 50 at Meyers (roundabout),Permanent,2025-07-22
11411,WWD,687fc56246695900127c5449,1753207666004,East Leg,West,0,,,,6786b290ddb02855b751179d,Hwy 50 at Meyers (roundabout),Permanent,2025-07-22
11412,WWD,687fc565ffba9e00120f2e5c,1753207669709,East Leg,West,0,,,,6786b290ddb02855b751179d,Hwy 50 at Meyers (roundabout),Permanent,2025-07-22
11413,WWD,687fc568f5c1e200123379fa,1753207672012,East Leg,West,0,,,,6786b290ddb02855b751179d,Hwy 50 at Meyers (roundabout),Permanent,2025-07-22
11414,WWD,687fc56bffba9e00120f2e60,1753207674917,East Leg,West,0,,,,6786b290ddb02855b751179d,Hwy 50 at Meyers (roundabout),Permanent,2025-07-22
11415,WWD,687fc56ef5c1e20012337a01,1753207678224,East Leg,West,0,,,,6786b290ddb02855b751179d,Hwy 50 at Meyers (roundabout),Permanent,2025-07-22
11416,WWD,687fc5739975980012ff3b67,1753207681135,East Leg,West,0,,,,6786b290ddb02855b751179d,Hwy 50 at Meyers (roundabout),Permanent,2025-07-22
11417,WWD,687fc57b46695900127c5467,1753207690960,East Leg,West,0,,,,6786b290ddb02855b751179d,Hwy 50 at Meyers (roundabout),Permanent,2025-07-22
11418,WWD,687fc6d39975980012ff3ce7,1753208035641,East Leg,West,0,,,,6786b290ddb02855b751179d,Hwy 50 at Meyers (roundabout),Permanent,2025-07-22
11419,WWD,687fc6d9ffba9e00120f2fea,1753208041448,East Leg,West,0,,,,6786b290ddb02855b751179d,Hwy 50 at Meyers (roundabout),Permanent,2025-07-22
11420,WWD,687fc6dcb309c4001238c513,1753208044152,East Leg,West,0,,,,6786b290ddb02855b751179d,Hwy 50 at Meyers (roundabout),Permanent,2025-07-22
11421,WWD,687fc6e1f5c1e20012337b91,1753208048857,East Leg,West,0,,,,6786b290ddb02855b751179d,Hwy 50 at Meyers (roundabout),Permanent,2025-07-22
11422,WWD,687fc6e32738c00012de021a,1753208051460,East Leg,West,0,,,,6786b290ddb02855b751179d,Hwy 50 at Meyers (roundabout),Permanent,2025-07-22
11423,WWD,687fc6e946695900127c55fd,1753208057476,East Leg,West,0,,,,6786b290ddb02855b751179d,Hwy 50 at Meyers (roundabout),Permanent,2025-07-22
11424,WWD,687fc6ebffba9e00120f2fff,1753208059479,West Leg,West,0,,,,6786b290ddb02855b751179d,Hwy 50 at Meyers (roundabout),Permanent,2025-07-22
11425,WWD,687fc6ef46695900127c5603,1753208063287,East Leg,West,0,,,,6786b290ddb02855b751179d,Hwy 50 at Meyers (roundabout),Permanent,2025-07-22
11426,WWD,687fc6f0b309c4001238c530,1753208064488,West Leg,West,0,,,,6786b290ddb02855b751179d,Hwy 50 at Meyers (roundabout),Permanent,2025-07-22
11427,WWD,687fc6f12738c00012de0229,1753208065489,East Leg,West,0,,,,6786b290ddb02855b751179d,Hwy 50 at Meyers (roundabout),Permanent,2025-07-22
11428,WWD,687fc6f546695900127c560c,1753208069699,West Leg,West,0,,,,6786b290ddb02855b751179d,Hwy 50 at Meyers (roundabout),Permanent,2025-07-22
11429,WWD,687fc6fc2738c00012de0235,1753208075904,West Leg,West,0,,,,6786b290ddb02855b751179d,Hwy 50 at Meyers (roundabout),Permanent,2025-07-22
11430,WWD,687fc6fe46695900127c5616,1753208078408,West Leg,West,0,,,,6786b290ddb02855b751179d,Hwy 50 at Meyers (roundabout),Permanent,2025-07-22
11431,WWD,687fc6fef5c1e20012337bba,1753208078808,East Leg,West,0,,,,6786b290ddb02855b751179d,Hwy 50 at Meyers (roundabout),Permanent,2025-07-22
11432,WWD,687fc70146695900127c5619,1753208080913,West Leg,West,0,,,,6786b290ddb02855b751179d,Hwy 50 at Meyers (roundabout),Permanent,2025-07-22
11433,WWD,687fc7052738c00012de0241,1753208085031,West Leg,West,0,,,,6786b290ddb02855b751179d,Hwy 50 at Meyers (roundabout),Permanent,2025-07-22
11434,WWD,687fc783ffba9e00120f309d,1753208211322,East Leg,West,0,,,,6786b290ddb02855b751179d,Hwy 50 at Meyers (roundabout),Permanent,2025-07-22
11435,WWD,687fc78646695900127c56b5,1753208214126,West Leg,West,0,,,,6786b290ddb02855b751179d,Hwy 50 at Meyers (roundabout),Permanent,2025-07-22
11436,WWD,687fc7872738c00012de02d0,1753208215127,East Leg,West,0,,,,6786b290ddb02855b751179d,Hwy 50 at Meyers (roundabout),Permanent,2025-07-22
11437,WWD,687fc78e2738c00012de02d7,1753208222440,East Leg,West,0,,,,6786b290ddb02855b751179d,Hwy 50 at Meyers (roundabout),Permanent,2025-07-22
11438,WWD,687fc791ffba9e00120f30ab,1753208225747,East Leg,West,0,,,,6786b290ddb02855b751179d,Hwy 50 at Meyers (roundabout),Permanent,2025-07-22
11439,WWD,687fc79546695900127c56c5,1753208229455,West Leg,West,0,,,,6786b290ddb02855b751179d,Hwy 50 at Meyers (roundabout),Permanent,2025-07-22
11440,WWD,687fc79ff5c1e20012337c5c,1753208239575,West Leg,West,0,,,,6786b290ddb02855b751179d,Hwy 50 at Meyers (roundabout),Permanent,2025-07-22
11441,WWD,687fc7a49975980012ff3dd5,1753208244280,East Leg,West,0,,,,6786b290ddb02855b751179d,Hwy 50 at Meyers (roundabout),Permanent,2025-07-22
11442,WWD,687fc7a5b309c4001238c5e9,1753208245582,West Leg,West,0,,,,6786b290ddb02855b751179d,Hwy 50 at Meyers (roundabout),Permanent,2025-07-22
11443,WWD,687fc7aaf5c1e20012337c69,1753208249988,West Leg,West,0,,,,6786b290ddb02855b751179d,Hwy 50 at Meyers (roundabout),Permanent,2025-07-22
11444,WWD,687fc94fffba9e00120f3289,1753208670964,East Leg,West,0,,,,6786b290ddb02855b751179d,Hwy 50 at Meyers (roundabout),Permanent,2025-07-22
11445,WWD,687fc951f5c1e20012337e3e,1753208673668,East Leg,West,0,,,,6786b290ddb02855b751179d,Hwy 50 at Meyers (roundabout),Permanent,2025-07-22
11446,WWD,687fc9542738c00012de04c3,1753208676271,East Leg,West,0,,,,6786b290ddb02855b751179d,Hwy 50 at Meyers (roundabout),Permanent,2025-07-22
11447,WWD,687fc9569975980012ff3fa0,1753208677874,East Leg,West,0,,,,6786b290ddb02855b751179d,Hwy 50 at Meyers (roundabout),Permanent,2025-07-22
11448,WWD,687fc9592738c00012de04c9,1753208681378,East Leg,West,0,,,,6786b290ddb02855b751179d,Hwy 50 at Meyers (roundabout),Permanent,2025-07-22
11449,WWD,687fc95eb309c4001238c799,1753208686087,East Leg,West,0,,,,6786b290ddb02855b751179d,Hwy 50 at Meyers (roundabout),Permanent,2025-07-22
11450,WWD,687fc960ffba9e00120f329d,1753208688107,East Leg,West,0,,,,6786b290ddb02855b751179d,Hwy 50 at Meyers (roundabout),Permanent,2025-07-22
11451,WWD,687fc963f5c1e20012337e52,1753208690114,East Leg,West,0,,,,6786b290ddb02855b751179d,Hwy 50 at Meyers (roundabout),Permanent,2025-07-22
11452,WWD,687fc9652738c00012de04d7,1753208693218,East Leg,West,0,,,,6786b290ddb02855b751179d,Hwy 50 at Meyers (roundabout),Permanent,2025-07-22
11453,WWD,687fc968f5c1e20012337e59,1753208696726,East Leg,West,0,,,,6786b290ddb02855b751179d,Hwy 50 at Meyers (roundabout),Permanent,2025-07-22
11454,WWD,687fc96bffba9e00120f32a8,1753208698828,East Leg,West,0,,,,6786b290ddb02855b751179d,Hwy 50 at Meyers (roundabout),Permanent,2025-07-22
11455,WWD,687fc96d9975980012ff3fb5,1753208700933,East Leg,West,0,,,,6786b290ddb02855b751179d,Hwy 50 at Meyers (roundabout),Permanent,2025-07-22
11456,WWD,687fc96db309c4001238c7a7,1753208701842,West Leg,West,0,,,,6786b290ddb02855b751179d,Hwy 50 at Meyers (roundabout),Permanent,2025-07-22
11457,WWD,687fc97046695900127c58b1,1753208704848,East Leg,West,0,,,,6786b290ddb02855b751179d,Hwy 50 at Meyers (roundabout),Permanent,2025-07-22
11458,WWD,687fc9712738c00012de04e6,1753208705348,West Leg,West,0,,,,6786b290ddb02855b751179d,Hwy 50 at Meyers (roundabout),Permanent,2025-07-22
11459,WWD,687fc97346695900127c58b6,1753208707050,East Leg,West,0,,,,6786b290ddb02855b751179d,Hwy 50 at Meyers (roundabout),Permanent,2025-07-22
11460,WWD,687fc9f22738c00012de0568,1753208830340,East Leg,West,0,,,,6786b290ddb02855b751179d,Hwy 50 at Meyers (roundabout),Permanent,2025-07-22
11461,WWD,687fc9f2ffba9e00120f3339,1753208834545,West Leg,West,0,,,,6786b290ddb02855b751179d,Hwy 50 at Meyers (roundabout),Permanent,2025-07-22
11462,WWD,687fc9f32738c00012de056d,1753208835647,East Leg,West,0,,,,6786b290ddb02855b751179d,Hwy 50 at Meyers (roundabout),Permanent,2025-07-22
11463,WWD,687fc9f5ffba9e00120f333c,1753208836949,West Leg,West,0,,,,6786b290ddb02855b751179d,Hwy 50 at Meyers (roundabout),Permanent,2025-07-22
11464,WWD,687fc9fcffba9e00120f3341,1753208844069,East Leg,West,0,,,,6786b290ddb02855b751179d,Hwy 50 at Meyers (roundabout),Permanent,2025-07-22
11465,WWD,687fca01f5c1e20012337ee9,1753208849776,East Leg,West,0,,,,6786b290ddb02855b751179d,Hwy 50 at Meyers (roundabout),Permanent,2025-07-22
11466,WWD,687fca05b309c4001238c84d,1753208853284,East Leg,West,0,,,,6786b290ddb02855b751179d,Hwy 50 at Meyers (roundabout),Permanent,2025-07-22
11467,WWD,687fca0bf5c1e20012337ef5,1753208859090,East Leg,West,0,,,,6786b290ddb02855b751179d,Hwy 50 at Meyers (roundabout),Permanent,2025-07-22
11468,WWD,687fca0d46695900127c594f,1753208860997,East Leg,West,0,,,,6786b290ddb02855b751179d,Hwy 50 at Meyers (roundabout),Permanent,2025-07-22
11469,WWD,687fca102738c00012de058e,1753208864101,East Leg,West,0,,,,6786b290ddb02855b751179d,Hwy 50 at Meyers (roundabout),Permanent,2025-07-22
11470,WWD,687fca13f5c1e20012337f02,1753208867004,East Leg,West,0,,,,6786b290ddb02855b751179d,Hwy 50 at Meyers (roundabout),Permanent,2025-07-22
11471,WWD,687fca1a9975980012ff406d,1753208874122,West Leg,West,0,,,,6786b290ddb02855b751179d,Hwy 50 at Meyers (roundabout),Permanent,2025-07-22
11472,WWD,687fca1f46695900127c5969,1753208879230,East Leg,West,0,,,,6786b290ddb02855b751179d,Hwy 50 at Meyers (roundabout),Permanent,2025-07-22
11473,WWD,687fca252738c00012de059f,1753208885146,East Leg,West,0,,,,6786b290ddb02855b751179d,Hwy 50 at Meyers (roundabout),Permanent,2025-07-22
11474,WWD,687fca27f5c1e20012337f1b,1753208887648,East Leg,West,0,,,,6786b290ddb02855b751179d,Hwy 50 at Meyers (roundabout),Permanent,2025-07-22
11475,WWD,687fca2bf5c1e20012337f1e,1753208890952,West Leg,West,0,,,,6786b290ddb02855b751179d,Hwy 50 at Meyers (roundabout),Permanent,2025-07-22
11476,WWD,687fcc6b46695900127c5c4e,1753209466925,East Leg,West,0,,,,6786b290ddb02855b751179d,Hwy 50 at Meyers (roundabout),Permanent,2025-07-22
11477,WWD,687fcc6d46695900127c5c53,1753209469427,South Leg,South,0,,,,6786b290ddb02855b751179d,Hwy 50 at Meyers (roundabout),Permanent,2025-07-22
11478,WWD,687fcc6e46695900127c5c55,1753209470228,East Leg,West,0,,,,6786b290ddb02855b751179d,Hwy 50 at Meyers (roundabout),Permanent,2025-07-22
11479,WWD,687fcc71b309c4001238cb70,1753209473533,East Leg,West,0,,,,6786b290ddb02855b751179d,Hwy 50 at Meyers (roundabout),Permanent,2025-07-22
11480,WWD,687fcc742738c00012de08c1,1753209476136,East Leg,West,0,,,,6786b290ddb02855b751179d,Hwy 50 at Meyers (roundabout),Permanent,2025-07-22
11481,WWD,687fcc759975980012ff4385,1753209476937,West Leg,West,0,,,,6786b290ddb02855b751179d,Hwy 50 at Meyers (roundabout),Permanent,2025-07-22
11482,WWD,687fcc77f5c1e20012338226,1753209479840,East Leg,West,0,,,,6786b290ddb02855b751179d,Hwy 50 at Meyers (roundabout),Permanent,2025-07-22
11483,WWD,687fcc7b9975980012ff4393,1753209483243,East Leg,West,0,,,,6786b290ddb02855b751179d,Hwy 50 at Meyers (roundabout),Permanent,2025-07-22
11484,WWD,687fcc7df5c1e20012338232,1753209485245,East Leg,West,0,,,,6786b290ddb02855b751179d,Hwy 50 at Meyers (roundabout),Permanent,2025-07-22
11485,WWD,687fcc81ffba9e00120f3677,1753209489062,East Leg,West,0,,,,6786b290ddb02855b751179d,Hwy 50 at Meyers (roundabout),Permanent,2025-07-22
11486,WWD,687fcc8446695900127c5c7e,1753209492269,East Leg,West,0,,,,6786b290ddb02855b751179d,Hwy 50 at Meyers (roundabout),Permanent,2025-07-22
11487,WWD,687fcc8646695900127c5c81,1753209494272,East Leg,West,0,,,,6786b290ddb02855b751179d,Hwy 50 at Meyers (roundabout),Permanent,2025-07-22
11488,WWD,687fcc8e9975980012ff43b1,1753209502881,East Leg,West,0,,,,6786b290ddb02855b751179d,Hwy 50 at Meyers (roundabout),Permanent,2025-07-22
11489,WWD,687fcc91f5c1e20012338246,1753209505688,East Leg,West,0,,,,6786b290ddb02855b751179d,Hwy 50 at Meyers (roundabout),Permanent,2025-07-22
11490,WWD,687fcc93ffba9e00120f368e,1753209506991,West Leg,West,0,,,,6786b290ddb02855b751179d,Hwy 50 at Meyers (roundabout),Permanent,2025-07-22
11491,WWD,687fcc93b309c4001238cba1,1753209507692,East Leg,West,0,,,,6786b290ddb02855b751179d,Hwy 50 at Meyers (roundabout),Permanent,2025-07-22
11492,WWD,687fcd0fffba9e00120f371b,1753209631580,East Leg,West,0,,,,6786b290ddb02855b751179d,Hwy 50 at Meyers (roundabout),Permanent,2025-07-22
11493,WWD,687fcd14b309c4001238cc25,1753209636185,East Leg,West,0,,,,6786b290ddb02855b751179d,Hwy 50 at Meyers (roundabout),Permanent,2025-07-22
11494,WWD,687fcd17f5c1e200123382ce,1753209639490,East Leg,West,0,,,,6786b290ddb02855b751179d,Hwy 50 at Meyers (roundabout),Permanent,2025-07-22
11495,WWD,687fcd22f5c1e200123382db,1753209650302,East Leg,West,0,,,,6786b290ddb02855b751179d,Hwy 50 at Meyers (roundabout),Permanent,2025-07-22
11496,WWD,687fcd272738c00012de0992,1753209655508,East Leg,West,0,,,,6786b290ddb02855b751179d,Hwy 50 at Meyers (roundabout),Permanent,2025-07-22
11497,WWD,687fcd28b309c4001238cc3d,1753209655909,West Leg,West,0,,,,6786b290ddb02855b751179d,Hwy 50 at Meyers (roundabout),Permanent,2025-07-22
11498,WWD,687fcd2ff5c1e200123382e9,1753209663222,West Leg,West,0,,,,6786b290ddb02855b751179d,Hwy 50 at Meyers (roundabout),Permanent,2025-07-22
11499,WWD,687fcd30ffba9e00120f3745,1753209664223,East Leg,West,0,,,,6786b290ddb02855b751179d,Hwy 50 at Meyers (roundabout),Permanent,2025-07-22
11500,WWD,687fcd332738c00012de09a2,1753209666828,East Leg,West,0,,,,6786b290ddb02855b751179d,Hwy 50 at Meyers (roundabout),Permanent,2025-07-22
11501,WWD,687fcd35f5c1e200123382ee,1753209666928,West Leg,West,0,,,,6786b290ddb02855b751179d,Hwy 50 at Meyers (roundabout),Permanent,2025-07-22
11502,WWD,687fcd352738c00012de09a5,1753209669530,East Leg,West,0,,,,6786b290ddb02855b751179d,Hwy 50 at Meyers (roundabout),Permanent,2025-07-22
11503,WWD,687fcd36f5c1e200123382f0,1753209670731,West Leg,West,0,,,,6786b290ddb02855b751179d,Hwy 50 at Meyers (roundabout),Permanent,2025-07-22
11504,WWD,687fcd389975980012ff445c,1753209672734,West Leg,West,0,,,,6786b290ddb02855b751179d,Hwy 50 at Meyers (roundabout),Permanent,2025-07-22
11505,WWD,687fcd3e46695900127c5d47,1753209678140,East Leg,West,0,,,,6786b290ddb02855b751179d,Hwy 50 at Meyers (roundabout),Permanent,2025-07-22
11506,WWD,687fcd3f46695900127c5d48,1753209679847,East Leg,West,0,,,,6786b290ddb02855b751179d,Hwy 50 at Meyers (roundabout),Permanent,2025-07-22
11507,WWD,687fcd42b309c4001238cc61,1753209682855,East Leg,West,0,,,,6786b290ddb02855b751179d,Hwy 50 at Meyers (roundabout),Permanent,2025-07-22
11508,WWD,687fcf339975980012ff467f,1753210179345,East Leg,West,0,,,,6786b290ddb02855b751179d,Hwy 50 at Meyers (roundabout),Permanent,2025-07-22
11509,WWD,687fcf3b2738c00012de0bdb,1753210186454,East Leg,West,0,,,,6786b290ddb02855b751179d,Hwy 50 at Meyers (roundabout),Permanent,2025-07-22
11510,WWD,687fcf3eb309c4001238ce80,1753210190558,East Leg,West,0,,,,6786b290ddb02855b751179d,Hwy 50 at Meyers (roundabout),Permanent,2025-07-22
11511,WWD,687fcf409975980012ff4691,1753210192861,East Leg,West,0,,,,6786b290ddb02855b751179d,Hwy 50 at Meyers (roundabout),Permanent,2025-07-22
11512,WWD,687fcf44f5c1e2001233851a,1753210195965,East Leg,West,0,,,,6786b290ddb02855b751179d,Hwy 50 at Meyers (roundabout),Permanent,2025-07-22
11513,WWD,687fcf449975980012ff4694,1753210196166,West Leg,West,0,,,,6786b290ddb02855b751179d,Hwy 50 at Meyers (roundabout),Permanent,2025-07-22
11514,WWD,687fcf4dffba9e00120f3973,1753210205180,East Leg,West,0,,,,6786b290ddb02855b751179d,Hwy 50 at Meyers (roundabout),Permanent,2025-07-22
11515,WWD,687fcf4f46695900127c5f74,1753210207382,West Leg,West,0,,,,6786b290ddb02855b751179d,Hwy 50 at Meyers (roundabout),Permanent,2025-07-22
11516,WWD,687fcf54ffba9e00120f397d,1753210212597,West Leg,West,0,,,,6786b290ddb02855b751179d,Hwy 50 at Meyers (roundabout),Permanent,2025-07-22
11517,WWD,687fcf582738c00012de0bf4,1753210216001,East Leg,West,0,,,,6786b290ddb02855b751179d,Hwy 50 at Meyers (roundabout),Permanent,2025-07-22
11518,WWD,687fcf5bb309c4001238cea6,1753210219408,East Leg,West,0,,,,6786b290ddb02855b751179d,Hwy 50 at Meyers (roundabout),Permanent,2025-07-22
11519,WWD,687fcf5e46695900127c5f86,1753210222411,East Leg,West,0,,,,6786b290ddb02855b751179d,Hwy 50 at Meyers (roundabout),Permanent,2025-07-22
11520,WWD,687fcf6546695900127c5f8d,1753210229520,East Leg,West,0,,,,6786b290ddb02855b751179d,Hwy 50 at Meyers (roundabout),Permanent,2025-07-22
11521,WWD,687fcf6a9975980012ff46c4,1753210231524,East Leg,West,0,,,,6786b290ddb02855b751179d,Hwy 50 at Meyers (roundabout),Permanent,2025-07-22
11522,WWD,687fcf6bb309c4001238ceb8,1753210235027,East Leg,West,0,,,,6786b290ddb02855b751179d,Hwy 50 at Meyers (roundabout),Permanent,2025-07-22
11523,WWD,687fcf6b46695900127c5f94,1753210235528,West Leg,West,0,,,,6786b290ddb02855b751179d,Hwy 50 at Meyers (roundabout),Permanent,2025-07-22
11524,WWD,687fcfeaffba9e00120f3a24,1753210362716,West Leg,West,0,,,,6786b290ddb02855b751179d,Hwy 50 at Meyers (roundabout),Permanent,2025-07-22
11525,WWD,687fcfecf5c1e200123385cc,1753210364418,East Leg,West,0,,,,6786b290ddb02855b751179d,Hwy 50 at Meyers (roundabout),Permanent,2025-07-22
11526,WWD,687fcfeeffba9e00120f3a29,1753210366220,West Leg,West,0,,,,6786b290ddb02855b751179d,Hwy 50 at Meyers (roundabout),Permanent,2025-07-22
11527,WWD,687fcff22738c00012de0ca4,1753210370326,West Leg,West,0,,,,6786b290ddb02855b751179d,Hwy 50 at Meyers (roundabout),Permanent,2025-07-22
11528,WWD,6881757cffba9e001210ea5f,1753318283952,West Leg,East,0,,,,6786b290ddb02855b751179d,Hwy 50 at Meyers (roundabout),Permanent,2025-07-24
11529,WWD,6883de68693c120013aa58c0,1753476216211,South Leg,North,0,,,,6786b290ddb02855b751179d,Hwy 50 at Meyers (roundabout),Permanent,2025-07-25
11530,WWD,68841c5e17811d0012fe0d5b,1753492077762,West Leg,East,0,,,,6786b290ddb02855b751179d,Hwy 50 at Meyers (roundabout),Permanent,2025-07-26
11531,WWD,6885b67e80a64b001370dbd4,1753597070034,East Leg,West,0,,,,6786b290ddb02855b751179d,Hwy 50 at Meyers (roundabout),Permanent,2025-07-27
11532,WWD,688b4731693c120013b1ebd4,1753961793539,East Leg,West,0,,,,6786b290ddb02855b751179d,Hwy 50 at Meyers (roundabout),Permanent,2025-07-31
11533,WWD,688ddde18b14f90012582e5b,1754131441420,West Leg,East,0,,,,6786b290ddb02855b751179d,Hwy 50 at Meyers (roundabout),Permanent,2025-08-02
11534,WWD,688f2baf99759800120f2cba,1754216895633,East Leg,West,0,,,,6786b290ddb02855b751179d,Hwy 50 at Meyers (roundabout),Permanent,2025-08-03
