Name,Schema,Type,Dataset,DataType,Path,ShapeType,database,Comments,Update Frequency,Who Updates,Scripted
Layers_with_Descriptions,SDE,Table,,Table,F:\GIS\DB_CONNECT\Vector.sde\SDE.Layers_with_Descriptions,,vector,Looks out of date,,,
Tolerance_District_Uses,SDE,Table,,Table,F:\GIS\DB_CONNECT\Vector.sde\SDE.Tolerance_District_Uses,,vector,Not sure,,,
Scenic_Corridor_Rating,SDE,Table,,Table,F:\GIS\DB_CONNECT\Vector.sde\SDE.Scenic_Corridor_Rating,,vector,,TVAL,Data team,
Scenic_Viewpoint_Rating,SDE,Table,,Table,F:\GIS\DB_CONNECT\Vector.sde\SDE.Scenic_Viewpoint_Rating,,vector,,TVAL,Data team,
Scenic_Viewpoint__ATTACH,SDE,Table,,Table,F:\GIS\DB_CONNECT\Vector.sde\SDE.Scenic_Viewpoint__ATTACH,,vector,,NA,,
ExistingBikeRacks__ATTACH,SDE,Table,,Table,F:\GIS\DB_CONNECT\Vector.sde\SDE.ExistingBikeRacks__ATTACH,,vector,,NA,,
Travel_Times,SDE,Table,,Table,F:\GIS\DB_CONNECT\Vector.sde\SDE.Travel_Times,,vector,Ask Josh,Yearly,Josh,
Demographics,SDE,Table,,Table,F:\GIS\DB_CONNECT\Vector.sde\SDE.Demographics,,vector,Summary,Yearly,Andy,Yes
Census_Demographics,SDE,Table,,Table,F:\GIS\DB_CONNECT\Vector.sde\SDE.Census_Demographics,,vector,Raw,Yearly,Andy,Yes
Special_Designation,SDE,Table,,Table,F:\GIS\DB_CONNECT\Vector.sde\SDE.Special_Designation,,vector,,As needed,Alyssa,No
Special_Designation_Reference,SDE,Table,,Table,F:\GIS\DB_CONNECT\Vector.sde\SDE.Special_Designation_Reference,,vector,,As needed,Alyssa,No
PermissibleUses_Reference,SDE,Table,,Table,F:\GIS\DB_CONNECT\Vector.sde\SDE.PermissibleUses_Reference,,vector,,As needed,Alyssa,No
PermissibleUses,SDE,Table,,Table,F:\GIS\DB_CONNECT\Vector.sde\SDE.PermissibleUses,,vector,,As needed,Alyssa,No
Census_Jobs,SDE,Table,,Table,F:\GIS\DB_CONNECT\Vector.sde\SDE.Census_Jobs,,vector,,Yearly,Andy,Partial
SEZ_Assessment_Unit__ATTACH,SDE,Table,,Table,F:\GIS\DB_CONNECT\Vector.sde\SDE.SEZ_Assessment_Unit__ATTACH,,vector,,NA,,
sez_scores_aquatic_organism,SDE,Table,,Table,F:\GIS\DB_CONNECT\Vector.sde\SDE.sez_scores_aquatic_organism,,vector,,TVAL,Monitoring,Partial
sez_scores_bank_stability,SDE,Table,,Table,F:\GIS\DB_CONNECT\Vector.sde\SDE.sez_scores_bank_stability,,vector,,TVAL,Monitoring,Partial
sez_scores_biotic,SDE,Table,,Table,F:\GIS\DB_CONNECT\Vector.sde\SDE.sez_scores_biotic,,vector,,TVAL,Monitoring,Partial
sez_scores_conifer_encroachment,SDE,Table,,Table,F:\GIS\DB_CONNECT\Vector.sde\SDE.sez_scores_conifer_encroachment,,vector,,TVAL,Monitoring,Partial
sez_scores_ditch,SDE,Table,,Table,F:\GIS\DB_CONNECT\Vector.sde\SDE.sez_scores_ditch,,vector,,TVAL,Monitoring,Partial
sez_scores_habitat_fragmentation,SDE,Table,,Table,F:\GIS\DB_CONNECT\Vector.sde\SDE.sez_scores_habitat_fragmentation,,vector,,TVAL,Monitoring,Partial
sez_scores_headcut,SDE,Table,,Table,F:\GIS\DB_CONNECT\Vector.sde\SDE.sez_scores_headcut,,vector,,TVAL,Monitoring,Partial
sez_scores_incision,SDE,Table,,Table,F:\GIS\DB_CONNECT\Vector.sde\SDE.sez_scores_incision,,vector,,TVAL,Monitoring,Partial
sez_scores_invasives,SDE,Table,,Table,F:\GIS\DB_CONNECT\Vector.sde\SDE.sez_scores_invasives,,vector,,TVAL,Monitoring,Partial
sez_scores_vegetation_vigor,SDE,Table,,Table,F:\GIS\DB_CONNECT\Vector.sde\SDE.sez_scores_vegetation_vigor,,vector,,TVAL,Monitoring,Partial
SDE_compress_log,sde,Table,,Table,F:\GIS\DB_CONNECT\Vector.sde\sde.SDE_compress_log,,vector,,TVAL,Monitoring,Partial
Tahoe_Census_Zip,SDE,FeatureClass,Census,FeatureClass,F:\GIS\DB_CONNECT\Vector.sde\SDE.Census\SDE.Tahoe_Census_Zip,Polygon,vector,,10 years,Andy,No
Tahoe_Census_Congressional_District,SDE,FeatureClass,Census,FeatureClass,F:\GIS\DB_CONNECT\Vector.sde\SDE.Census\SDE.Tahoe_Census_Congressional_District,Polygon,vector,,10 years,Andy,No
Tahoe_Census_Unified_School_District,SDE,FeatureClass,Census,FeatureClass,F:\GIS\DB_CONNECT\Vector.sde\SDE.Census\SDE.Tahoe_Census_Unified_School_District,Polygon,vector,,As needed,Andy,No
CA_NV_Census_State_Boundary,SDE,FeatureClass,Census,FeatureClass,F:\GIS\DB_CONNECT\Vector.sde\SDE.Census\SDE.CA_NV_Census_State_Boundary,Polygon,vector,,Never,NA,No
Tahoe_Census_County,SDE,FeatureClass,Census,FeatureClass,F:\GIS\DB_CONNECT\Vector.sde\SDE.Census\SDE.Tahoe_Census_County,Polygon,vector,,Never,NA,No
Community_Priority_Zones,SDE,FeatureClass,Census,FeatureClass,F:\GIS\DB_CONNECT\Vector.sde\SDE.Census\SDE.Community_Priority_Zones,Polygon,vector,,10 years,Andy,No
HealthyPlacesIndex_Scores,SDE,FeatureClass,Census,FeatureClass,F:\GIS\DB_CONNECT\Vector.sde\SDE.Census\SDE.HealthyPlacesIndex_Scores,Polygon,vector,,10 years,Andy,No
Tahoe_Census_Geography,SDE,FeatureClass,Census,FeatureClass,F:\GIS\DB_CONNECT\Vector.sde\SDE.Census\SDE.Tahoe_Census_Geography,Polygon,vector,,10 years,Andy,No
Tahoe_Tract_2010_Values,SDE,FeatureClass,Census,FeatureClass,F:\GIS\DB_CONNECT\Vector.sde\SDE.Census\SDE.Tahoe_Tract_2010_Values,Polygon,vector,,Never,Andy,No
Tahoe_Tract_2020_Values,SDE,FeatureClass,Census,FeatureClass,F:\GIS\DB_CONNECT\Vector.sde\SDE.Census\SDE.Tahoe_Tract_2020_Values,Polygon,vector,,Never,Andy,No
Tahoe_Neighborhood_2010_2020_Change,SDE,FeatureClass,Census,FeatureClass,F:\GIS\DB_CONNECT\Vector.sde\SDE.Census\SDE.Tahoe_Neighborhood_2010_2020_Change,Polygon,vector,,Never,Andy,No
Tahoe_BlockGroup_2021_TDC_Values,SDE,FeatureClass,Census,FeatureClass,F:\GIS\DB_CONNECT\Vector.sde\SDE.Census\SDE.Tahoe_BlockGroup_2021_TDC_Values,Polygon,vector,,Annual,Andy,Partial
Tahoe_Block_2020_Values,SDE,FeatureClass,Census,FeatureClass,F:\GIS\DB_CONNECT\Vector.sde\SDE.Census\SDE.Tahoe_Block_2020_Values,Polygon,vector,,Annual,Andy,Partial
Tahoe_BlockGroup_TDC_Values,SDE,FeatureClass,Census,FeatureClass,F:\GIS\DB_CONNECT\Vector.sde\SDE.Census\SDE.Tahoe_BlockGroup_TDC_Values,Polygon,vector,,Annual,Andy,Partial
Tahoe_TDC_Points,SDE,FeatureClass,Census,FeatureClass,F:\GIS\DB_CONNECT\Vector.sde\SDE.Census\SDE.Tahoe_TDC_Points,Point,vector,,Annual,Andy,Partial
Tahoe_Census_Population_Center,SDE,FeatureClass,Census,FeatureClass,F:\GIS\DB_CONNECT\Vector.sde\SDE.Census\SDE.Tahoe_Census_Population_Center,Point,vector,Maybe don't need,Annual,Andy,Partial
Tahoe_Tessellation,SDE,FeatureClass,Census,FeatureClass,F:\GIS\DB_CONNECT\Vector.sde\SDE.Census\SDE.Tahoe_Tessellation,Polygon,vector,,Annual,Andy,Partial
Tahoe_BlockGroup_2022_TDC_Values,SDE,FeatureClass,Census,FeatureClass,F:\GIS\DB_CONNECT\Vector.sde\SDE.Census\SDE.Tahoe_BlockGroup_2022_TDC_Values,Polygon,vector,,Annual,Andy,Partial
Demographics_Tessellation,SDE,FeatureClass,Census,FeatureClass,F:\GIS\DB_CONNECT\Vector.sde\SDE.Census\SDE.Demographics_Tessellation,Polygon,vector,,Annual,Andy,Partial
Basins,SDE,FeatureClass,EIP,FeatureClass,F:\GIS\DB_CONNECT\Vector.sde\SDE.EIP\SDE.Basins,Polygon,vector,,As needed,Unknown,No
Drainage_Inlet,SDE,FeatureClass,EIP,FeatureClass,F:\GIS\DB_CONNECT\Vector.sde\SDE.EIP\SDE.Drainage_Inlet,Point,vector,,As needed,Unknown,No
Drainage_Outlet,SDE,FeatureClass,EIP,FeatureClass,F:\GIS\DB_CONNECT\Vector.sde\SDE.EIP\SDE.Drainage_Outlet,Point,vector,,As needed,Unknown,No
Area_Wide_Treatments,SDE,FeatureClass,EIP,FeatureClass,F:\GIS\DB_CONNECT\Vector.sde\SDE.EIP\SDE.Area_Wide_Treatments,Polygon,vector,,As needed,Unknown,No
Pipes,SDE,FeatureClass,EIP,FeatureClass,F:\GIS\DB_CONNECT\Vector.sde\SDE.EIP\SDE.Pipes,Polyline,vector,,As needed,Unknown,No
Proposed_Drainage_Areas,SDE,FeatureClass,EIP,FeatureClass,F:\GIS\DB_CONNECT\Vector.sde\SDE.EIP\SDE.Proposed_Drainage_Areas,Polygon,vector,,As needed,Unknown,No
Surface_Flow,SDE,FeatureClass,EIP,FeatureClass,F:\GIS\DB_CONNECT\Vector.sde\SDE.EIP\SDE.Surface_Flow,Polyline,vector,What exactly is this,NA,Unknown,No
Boaters_Visiting_Tahoe,SDE,FeatureClass,EIP,FeatureClass,F:\GIS\DB_CONNECT\Vector.sde\SDE.EIP\SDE.Boaters_Visiting_Tahoe,Point,vector,What exactly is this,NA,Unknown,No
AIS_Boating_Visits_All,SDE,FeatureClass,EIP,FeatureClass,F:\GIS\DB_CONNECT\Vector.sde\SDE.EIP\SDE.AIS_Boating_Visits_All,Point,vector,What exactly is this,NA,Unknown,No
Parcel_Verified_Constraints,SDE,FeatureClass,EIP,FeatureClass,F:\GIS\DB_CONNECT\Vector.sde\SDE.EIP\SDE.Parcel_Verified_Constraints,Polygon,vector,,NA,Unknown,No
Soil_Constraints,SDE,FeatureClass,EIP,FeatureClass,F:\GIS\DB_CONNECT\Vector.sde\SDE.EIP\SDE.Soil_Constraints,Polygon,vector,,NA,Unknown,No
Mapped_Site_Constraint,SDE,FeatureClass,EIP,FeatureClass,F:\GIS\DB_CONNECT\Vector.sde\SDE.EIP\SDE.Mapped_Site_Constraint,Polygon,vector,,NA,Unknown,No
Verified_Site_Constraint,SDE,FeatureClass,EIP,FeatureClass,F:\GIS\DB_CONNECT\Vector.sde\SDE.EIP\SDE.Verified_Site_Constraint,Polygon,vector,,NA,Unknown,No
EMS_Stations,SDE,FeatureClass,EmergencyResponse,FeatureClass,F:\GIS\DB_CONNECT\Vector.sde\SDE.EmergencyResponse\SDE.EMS_Stations,Point,vector,,As needed,Annual review?,No
EvacuationShelters,SDE,FeatureClass,EmergencyResponse,FeatureClass,F:\GIS\DB_CONNECT\Vector.sde\SDE.EmergencyResponse\SDE.EvacuationShelters,Point,vector,,As needed,Annual review?,No
Fire_Station,SDE,FeatureClass,EmergencyResponse,FeatureClass,F:\GIS\DB_CONNECT\Vector.sde\SDE.EmergencyResponse\SDE.Fire_Station,Point,vector,,As needed,Annual review?,No
MedicalFacilities,SDE,FeatureClass,EmergencyResponse,FeatureClass,F:\GIS\DB_CONNECT\Vector.sde\SDE.EmergencyResponse\SDE.MedicalFacilities,Point,vector,,As needed,Annual review?,No
PoliceFacilities,SDE,FeatureClass,EmergencyResponse,FeatureClass,F:\GIS\DB_CONNECT\Vector.sde\SDE.EmergencyResponse\SDE.PoliceFacilities,Point,vector,,As needed,Annual review?,No
LocalLawEnforcement,SDE,FeatureClass,EmergencyResponse,FeatureClass,F:\GIS\DB_CONNECT\Vector.sde\SDE.EmergencyResponse\SDE.LocalLawEnforcement,Point,vector,,As needed,Annual review?,No
Hospitals,SDE,FeatureClass,EmergencyResponse,FeatureClass,F:\GIS\DB_CONNECT\Vector.sde\SDE.EmergencyResponse\SDE.Hospitals,Point,vector,,As needed,Annual review?,No
EmergencyResponse_Mooring,SDE,FeatureClass,EmergencyResponse,FeatureClass,F:\GIS\DB_CONNECT\Vector.sde\SDE.EmergencyResponse\SDE.EmergencyResponse_Mooring,Point,vector,,As needed,Annual review?,No
Helispot,SDE,FeatureClass,EmergencyResponse,FeatureClass,F:\GIS\DB_CONNECT\Vector.sde\SDE.EmergencyResponse\SDE.Helispot,Point,vector,,As needed,Annual review?,No
TDFD_Hydrants,SDE,FeatureClass,EmergencyResponse,FeatureClass,F:\GIS\DB_CONNECT\Vector.sde\SDE.EmergencyResponse\SDE.TDFD_Hydrants,Point,vector,,As needed,Annual review?,No
WUI,SDE,FeatureClass,Fire,FeatureClass,F:\GIS\DB_CONNECT\Vector.sde\SDE.Fire\SDE.WUI,Polygon,vector,,As needed,Annual review?,No
Backcountry_Closure,SDE,FeatureClass,Fire,FeatureClass,F:\GIS\DB_CONNECT\Vector.sde\SDE.Fire\SDE.Backcountry_Closure,Polygon,vector,Ask Mason,NA,,No
FireHistory_FRAP_2020,SDE,FeatureClass,Fire,FeatureClass,F:\GIS\DB_CONNECT\Vector.sde\SDE.Fire\SDE.FireHistory_FRAP_2020,Polygon,vector,Might be worth updating annually,Annual,Mason,No
Caldor_Fire_Soil_Burn_Severity,SDE,FeatureClass,Fire,FeatureClass,F:\GIS\DB_CONNECT\Vector.sde\SDE.Fire\SDE.Caldor_Fire_Soil_Burn_Severity,Polygon,vector,,NA,NA,
FireDistricts_20231207,SDE,FeatureClass,Fire,FeatureClass,F:\GIS\DB_CONNECT\Vector.sde\SDE.Fire\SDE.FireDistricts_20231207,Polygon,vector,,As needed,Annual review?,
ForestManagementZone_Identity_LowSeverityProbability,SDE,FeatureClass,Fire,FeatureClass,F:\GIS\DB_CONNECT\Vector.sde\SDE.Fire\SDE.ForestManagementZone_Identity_LowSeverityProbability,Polygon,vector,,As needed,Mason,No
ForestManagementZone_Identity_HighSeverityProbability,SDE,FeatureClass,Fire,FeatureClass,F:\GIS\DB_CONNECT\Vector.sde\SDE.Fire\SDE.ForestManagementZone_Identity_HighSeverityProbability,Polygon,vector,,As needed,Mason,No
Caldor_RAVG,SDE,FeatureClass,Fire,FeatureClass,F:\GIS\DB_CONNECT\Vector.sde\SDE.Fire\SDE.Caldor_RAVG,Polygon,vector,,NA,NA,
FunctionalFire_ProbableFireSeverityByManagementZone,SDE,FeatureClass,Fire,FeatureClass,F:\GIS\DB_CONNECT\Vector.sde\SDE.Fire\SDE.FunctionalFire_ProbableFireSeverityByManagementZone,Polygon,vector,,As needed,Mason,
Fish_Habitat_1989,SDE,FeatureClass,Fisheries,FeatureClass,F:\GIS\DB_CONNECT\Vector.sde\SDE.Fisheries\SDE.Fish_Habitat_1989,Polygon,vector,,NA,,
FishStream,SDE,FeatureClass,Fisheries,FeatureClass,F:\GIS\DB_CONNECT\Vector.sde\SDE.Fisheries\SDE.FishStream,Polyline,vector,,NA,,
Fish_Habitat_2004,SDE,FeatureClass,Fisheries,FeatureClass,F:\GIS\DB_CONNECT\Vector.sde\SDE.Fisheries\SDE.Fish_Habitat_2004,Polygon,vector,,NA,,
AquaticOrganismPassage_USFS,SDE,FeatureClass,Fisheries,FeatureClass,F:\GIS\DB_CONNECT\Vector.sde\SDE.Fisheries\SDE.AquaticOrganismPassage_USFS,Point,vector,,Annual,?,
Fish_Habitat_2016,SDE,FeatureClass,Fisheries,FeatureClass,F:\GIS\DB_CONNECT\Vector.sde\SDE.Fisheries\SDE.Fish_Habitat_2016,Polygon,vector,,NA,,
Stream_Habitat_Condition,SDE,FeatureClass,Fisheries,FeatureClass,F:\GIS\DB_CONNECT\Vector.sde\SDE.Fisheries\SDE.Stream_Habitat_Condition,Polygon,vector,,TVAL,Andy,Partial
Historic_Lns,SDE,FeatureClass,Historic,FeatureClass,F:\GIS\DB_CONNECT\Vector.sde\SDE.Historic\SDE.Historic_Lns,Polyline,vector,,NA,,
Historic_Pts,SDE,FeatureClass,Historic,FeatureClass,F:\GIS\DB_CONNECT\Vector.sde\SDE.Historic\SDE.Historic_Pts,Point,vector,,NA,,
HistoricDistricts,SDE,FeatureClass,Historic,FeatureClass,F:\GIS\DB_CONNECT\Vector.sde\SDE.Historic\SDE.HistoricDistricts,Polygon,vector,,NA,,
ForestManagementZone_USFS,SDE,FeatureClass,Jurisdictions,FeatureClass,F:\GIS\DB_CONNECT\Vector.sde\SDE.Jurisdictions\SDE.ForestManagementZone_USFS,Polygon,vector,Maybe Verify,NA,NA,
GID_NV,SDE,FeatureClass,Jurisdictions,FeatureClass,F:\GIS\DB_CONNECT\Vector.sde\SDE.Jurisdictions\SDE.GID_NV,Polygon,vector,,As needed,NA,
TRCD_Boundary,SDE,FeatureClass,Jurisdictions,FeatureClass,F:\GIS\DB_CONNECT\Vector.sde\SDE.Jurisdictions\SDE.TRCD_Boundary,Polygon,vector,,NA,,
LSOG,SDE,FeatureClass,Jurisdictions,FeatureClass,F:\GIS\DB_CONNECT\Vector.sde\SDE.Jurisdictions\SDE.LSOG,Polyline,vector,?,NA,,
TCPUD_Boundary,SDE,FeatureClass,Jurisdictions,FeatureClass,F:\GIS\DB_CONNECT\Vector.sde\SDE.Jurisdictions\SDE.TCPUD_Boundary,Polygon,vector,,NA,,
InventoriedRoadlessArea_USFS,SDE,FeatureClass,Jurisdictions,FeatureClass,F:\GIS\DB_CONNECT\Vector.sde\SDE.Jurisdictions\SDE.InventoriedRoadlessArea_USFS,Polygon,vector,,NA,,
Cities,SDE,FeatureClass,Jurisdictions,FeatureClass,F:\GIS\DB_CONNECT\Vector.sde\SDE.Jurisdictions\SDE.Cities,Point,vector,,NA,,
CSLT,SDE,FeatureClass,Jurisdictions,FeatureClass,F:\GIS\DB_CONNECT\Vector.sde\SDE.Jurisdictions\SDE.CSLT,Polygon,vector,,NA,,
Water_Service_Area_Boundaries,SDE,FeatureClass,Jurisdictions,FeatureClass,F:\GIS\DB_CONNECT\Vector.sde\SDE.Jurisdictions\SDE.Water_Service_Area_Boundaries,Polygon,vector,,NA,,
Schools,SDE,FeatureClass,Jurisdictions,FeatureClass,F:\GIS\DB_CONNECT\Vector.sde\SDE.Jurisdictions\SDE.Schools,Point,vector,,NA,,
Wilderness,SDE,FeatureClass,Jurisdictions,FeatureClass,F:\GIS\DB_CONNECT\Vector.sde\SDE.Jurisdictions\SDE.Wilderness,Polygon,vector,,NA,,
FireDistricts,SDE,FeatureClass,Jurisdictions,FeatureClass,F:\GIS\DB_CONNECT\Vector.sde\SDE.Jurisdictions\SDE.FireDistricts,Polygon,vector,,As needed,,
Jurisdictions_Combined,SDE,FeatureClass,Jurisdictions,FeatureClass,F:\GIS\DB_CONNECT\Vector.sde\SDE.Jurisdictions\SDE.Jurisdictions_Combined,Polygon,vector,,NA,,
STPUD,SDE,FeatureClass,Jurisdictions,FeatureClass,F:\GIS\DB_CONNECT\Vector.sde\SDE.Jurisdictions\SDE.STPUD,Polygon,vector,,NA,,
Improvement_and_Utility_Districts,SDE,FeatureClass,Jurisdictions,FeatureClass,F:\GIS\DB_CONNECT\Vector.sde\SDE.Jurisdictions\SDE.Improvement_and_Utility_Districts,Polygon,vector,,NA,,
BasicOwnership_USFS,SDE,FeatureClass,Jurisdictions,FeatureClass,F:\GIS\DB_CONNECT\Vector.sde\SDE.Jurisdictions\SDE.BasicOwnership_USFS,Polygon,vector,,NA,,
Postal_ZIP,SDE,FeatureClass,Jurisdictions,FeatureClass,F:\GIS\DB_CONNECT\Vector.sde\SDE.Jurisdictions\SDE.Postal_ZIP,Polygon,vector,,NA,,
PL_Communities,SDE,FeatureClass,Jurisdictions,FeatureClass,F:\GIS\DB_CONNECT\Vector.sde\SDE.Jurisdictions\SDE.PL_Communities,Polygon,vector,,NA,,
TRPA_bdy,SDE,FeatureClass,Jurisdictions,FeatureClass,F:\GIS\DB_CONNECT\Vector.sde\SDE.Jurisdictions\SDE.TRPA_bdy,Polygon,vector,,NA,,
UrbanAreas,SDE,FeatureClass,Jurisdictions,FeatureClass,F:\GIS\DB_CONNECT\Vector.sde\SDE.Jurisdictions\SDE.UrbanAreas,Polygon,vector,,NA,,
Counties,SDE,FeatureClass,Jurisdictions,FeatureClass,F:\GIS\DB_CONNECT\Vector.sde\SDE.Jurisdictions\SDE.Counties,Polygon,vector,,NA,,
CityOfTruckee,SDE,FeatureClass,Jurisdictions,FeatureClass,F:\GIS\DB_CONNECT\Vector.sde\SDE.Jurisdictions\SDE.CityOfTruckee,Polygon,vector,,NA,,
SLT_SchoolDistrict,SDE,FeatureClass,Jurisdictions,FeatureClass,F:\GIS\DB_CONNECT\Vector.sde\SDE.Jurisdictions\SDE.SLT_SchoolDistrict,Polygon,vector,,NA,,
EL_Communities,SDE,FeatureClass,Jurisdictions,FeatureClass,F:\GIS\DB_CONNECT\Vector.sde\SDE.Jurisdictions\SDE.EL_Communities,Polygon,vector,,NA,,
ManagementZone,SDE,FeatureClass,LakeTahoeWest,FeatureClass,F:\GIS\DB_CONNECT\Vector.sde\SDE.LakeTahoeWest\SDE.ManagementZone,Polygon,vector,?,NA,,
Trees_In_Meadows,SDE,FeatureClass,LakeTahoeWest,FeatureClass,F:\GIS\DB_CONNECT\Vector.sde\SDE.LakeTahoeWest\SDE.Trees_In_Meadows,Point,vector,?,NA,,
Meter_Contour,SDE,FeatureClass,littoral_drift,FeatureClass,F:\GIS\DB_CONNECT\Vector.sde\SDE.littoral_drift\SDE.Meter_Contour,Polyline,vector,,NA,,
Bottom_Sediment_Circulation,SDE,FeatureClass,littoral_drift,FeatureClass,F:\GIS\DB_CONNECT\Vector.sde\SDE.littoral_drift\SDE.Bottom_Sediment_Circulation,Polyline,vector,,NA,,
Conflicting_Circulation,SDE,FeatureClass,littoral_drift,FeatureClass,F:\GIS\DB_CONNECT\Vector.sde\SDE.littoral_drift\SDE.Conflicting_Circulation,Polyline,vector,,NA,,
General_Nearshore_Circulation,SDE,FeatureClass,littoral_drift,FeatureClass,F:\GIS\DB_CONNECT\Vector.sde\SDE.littoral_drift\SDE.General_Nearshore_Circulation,Polyline,vector,,NA,,
Fen_Meadow,SDE,FeatureClass,Meadow,FeatureClass,F:\GIS\DB_CONNECT\Vector.sde\SDE.Meadow\SDE.Fen_Meadow,Polygon,vector,Verify,NA,,
Meadow_USFS,SDE,FeatureClass,Meadow,FeatureClass,F:\GIS\DB_CONNECT\Vector.sde\SDE.Meadow\SDE.Meadow_USFS,Polygon,vector,Verify,NA,,
Aspen_Stand,SDE,FeatureClass,Meadow,FeatureClass,F:\GIS\DB_CONNECT\Vector.sde\SDE.Meadow\SDE.Aspen_Stand,Polygon,vector,Verify,NA,,
NoiseLevels,SDE,FeatureClass,Noise,FeatureClass,F:\GIS\DB_CONNECT\Vector.sde\SDE.Noise\SDE.NoiseLevels,Polygon,vector,,Annual,Beth,No
NoiseMonitoringLocations,SDE,FeatureClass,Noise,FeatureClass,F:\GIS\DB_CONNECT\Vector.sde\SDE.Noise\SDE.NoiseMonitoringLocations,Point,vector,,Annual,Beth,No
Well_Buffer,SDE,FeatureClass,Water,FeatureClass,F:\GIS\DB_CONNECT\Vector.sde\SDE.Water\SDE.Well_Buffer,Polygon,vector,,NA,,
PriorityStream,SDE,FeatureClass,Water,FeatureClass,F:\GIS\DB_CONNECT\Vector.sde\SDE.Water\SDE.PriorityStream,Polyline,vector,,NA,,
Wells_Original_Buffer1320,SDE,FeatureClass,Water,FeatureClass,F:\GIS\DB_CONNECT\Vector.sde\SDE.Water\SDE.Wells_Original_Buffer1320,Polygon,vector,,NA,,
NHDArea,SDE,FeatureClass,Water,FeatureClass,F:\GIS\DB_CONNECT\Vector.sde\SDE.Water\SDE.NHDArea,Polygon,vector,,NA,,
Lake_Tahoe,SDE,FeatureClass,Water,FeatureClass,F:\GIS\DB_CONNECT\Vector.sde\SDE.Water\SDE.Lake_Tahoe,Polygon,vector,,NA,,
LakeTahoe_At_HighWater,SDE,FeatureClass,Water,FeatureClass,F:\GIS\DB_CONNECT\Vector.sde\SDE.Water\SDE.LakeTahoe_At_HighWater,Polygon,vector,,NA,,
stream_mouth_points,SDE,FeatureClass,Water,FeatureClass,F:\GIS\DB_CONNECT\Vector.sde\SDE.Water\SDE.stream_mouth_points,Point,vector,,NA,,
Intervene,SDE,FeatureClass,Water,FeatureClass,F:\GIS\DB_CONNECT\Vector.sde\SDE.Water\SDE.Intervene,Polygon,vector,,NA,,
subwatersheds,SDE,FeatureClass,Water,FeatureClass,F:\GIS\DB_CONNECT\Vector.sde\SDE.Water\SDE.subwatersheds,Polygon,vector,,NA,,
Watershed,SDE,FeatureClass,Water,FeatureClass,F:\GIS\DB_CONNECT\Vector.sde\SDE.Water\SDE.Watershed,Polygon,vector,,NA,,
Water_Bodies,SDE,FeatureClass,Water,FeatureClass,F:\GIS\DB_CONNECT\Vector.sde\SDE.Water\SDE.Water_Bodies,Polygon,vector,,NA,,
WBDHU8,SDE,FeatureClass,Water,FeatureClass,F:\GIS\DB_CONNECT\Vector.sde\SDE.Water\SDE.WBDHU8,Polygon,vector,,NA,,
subwatershed,SDE,FeatureClass,Water,FeatureClass,F:\GIS\DB_CONNECT\Vector.sde\SDE.Water\SDE.subwatershed,Polygon,vector,,NA,,
WBDHU10,SDE,FeatureClass,Water,FeatureClass,F:\GIS\DB_CONNECT\Vector.sde\SDE.Water\SDE.WBDHU10,Polygon,vector,,NA,,
NHDFlowline,SDE,FeatureClass,Water,FeatureClass,F:\GIS\DB_CONNECT\Vector.sde\SDE.Water\SDE.NHDFlowline,Polyline,vector,,NA,,
NHDWaterbody,SDE,FeatureClass,Water,FeatureClass,F:\GIS\DB_CONNECT\Vector.sde\SDE.Water\SDE.NHDWaterbody,Polygon,vector,,NA,,
Hydrography_StreamNetwork_2010_Tahoe,SDE,FeatureClass,Water,FeatureClass,F:\GIS\DB_CONNECT\Vector.sde\SDE.Water\SDE.Hydrography_StreamNetwork_2010_Tahoe,Polyline,vector,,NA,,
DeepestPoint_LakeTahoe,SDE,FeatureClass,Water,FeatureClass,F:\GIS\DB_CONNECT\Vector.sde\SDE.Water\SDE.DeepestPoint_LakeTahoe,Point,vector,,NA,,
HWL_300ftBuffer,SDE,FeatureClass,Water,FeatureClass,F:\GIS\DB_CONNECT\Vector.sde\SDE.Water\SDE.HWL_300ftBuffer,Polygon,vector,,NA,,
Hydro_Areas,SDE,FeatureClass,Water,FeatureClass,F:\GIS\DB_CONNECT\Vector.sde\SDE.Water\SDE.Hydro_Areas,Polygon,vector,,NA,,
DgCo_gid,SDE,FeatureClass,Water,FeatureClass,F:\GIS\DB_CONNECT\Vector.sde\SDE.Water\SDE.DgCo_gid,Polygon,vector,,NA,,
SNOTEL_Stations,SDE,FeatureClass,Water,FeatureClass,F:\GIS\DB_CONNECT\Vector.sde\SDE.Water\SDE.SNOTEL_Stations,Point,vector,,NA,,
StreamBlockage,SDE,FeatureClass,Water,FeatureClass,F:\GIS\DB_CONNECT\Vector.sde\SDE.Water\SDE.StreamBlockage,Point,vector,,NA,,
Streams,SDE,FeatureClass,Water,FeatureClass,F:\GIS\DB_CONNECT\Vector.sde\SDE.Water\SDE.Streams,Polyline,vector,,NA,,
WBDHU12,SDE,FeatureClass,Water,FeatureClass,F:\GIS\DB_CONNECT\Vector.sde\SDE.Water\SDE.WBDHU12,Polygon,vector,,NA,,
FEMA_Flood_Zone,SDE,FeatureClass,Water,FeatureClass,F:\GIS\DB_CONNECT\Vector.sde\SDE.Water\SDE.FEMA_Flood_Zone,Polygon,vector,,NA,,
LTBMU_Streams,SDE,FeatureClass,Water,FeatureClass,F:\GIS\DB_CONNECT\Vector.sde\SDE.Water\SDE.LTBMU_Streams,Polyline,vector,,NA,,
Wells_Original,SDE,FeatureClass,Water,FeatureClass,F:\GIS\DB_CONNECT\Vector.sde\SDE.Water\SDE.Wells_Original,Point,vector,,NA,,
Regional_Treatment_Areas,SDE,FeatureClass,Water,FeatureClass,F:\GIS\DB_CONNECT\Vector.sde\SDE.Water\SDE.Regional_Treatment_Areas,Polygon,vector,,NA,,
NHDPoint,SDE,FeatureClass,Water,FeatureClass,F:\GIS\DB_CONNECT\Vector.sde\SDE.Water\SDE.NHDPoint,Point,vector,,NA,,
StreamEnvironmentZone_LakeTahoeBasin,SDE,FeatureClass,Water,FeatureClass,F:\GIS\DB_CONNECT\Vector.sde\SDE.Water\SDE.StreamEnvironmentZone_LakeTahoeBasin,Polygon,vector,Verify,NA,,
Points_of_Interest,SDE,FeatureClass,Shorezone,FeatureClass,F:\GIS\DB_CONNECT\Vector.sde\SDE.Shorezone\SDE.Points_of_Interest,Point,vector,Clarify,NA,,
BuoyLine,SDE,FeatureClass,Shorezone,FeatureClass,F:\GIS\DB_CONNECT\Vector.sde\SDE.Shorezone\SDE.BuoyLine,Polygon,vector,,NA,,
BoatRamp,SDE,FeatureClass,Shorezone,FeatureClass,F:\GIS\DB_CONNECT\Vector.sde\SDE.Shorezone\SDE.BoatRamp,Point,vector,,As needed,,
Shore_Bndry,SDE,FeatureClass,Shorezone,FeatureClass,F:\GIS\DB_CONNECT\Vector.sde\SDE.Shorezone\SDE.Shore_Bndry,Polygon,vector,,NA,,
PermitBuoys,SDE,FeatureClass,Shorezone,FeatureClass,F:\GIS\DB_CONNECT\Vector.sde\SDE.Shorezone\SDE.PermitBuoys,Point,vector,,Annual,?,
MapIndex,SDE,FeatureClass,Shorezone,FeatureClass,F:\GIS\DB_CONNECT\Vector.sde\SDE.Shorezone\SDE.MapIndex,Polygon,vector,,NA,,
Buoy,SDE,FeatureClass,Shorezone,FeatureClass,F:\GIS\DB_CONNECT\Vector.sde\SDE.Shorezone\SDE.Buoy,Point,vector,,Annual,?,
NoWakeZone_Line,SDE,FeatureClass,Shorezone,FeatureClass,F:\GIS\DB_CONNECT\Vector.sde\SDE.Shorezone\SDE.NoWakeZone_Line,Polyline,vector,,As needed,Amy,
Shore_Points,SDE,FeatureClass,Shorezone,FeatureClass,F:\GIS\DB_CONNECT\Vector.sde\SDE.Shorezone\SDE.Shore_Points,Point,vector,,NA,,
Intakes,SDE,FeatureClass,Shorezone,FeatureClass,F:\GIS\DB_CONNECT\Vector.sde\SDE.Shorezone\SDE.Intakes,Point,vector,,As needed,,
Boathouse_Collection,SDE,FeatureClass,Shorezone,FeatureClass,F:\GIS\DB_CONNECT\Vector.sde\SDE.Shorezone\SDE.Boathouse_Collection,Point,vector,,As needed,,
Non_Motorized_Launch_Site,SDE,FeatureClass,Shorezone,FeatureClass,F:\GIS\DB_CONNECT\Vector.sde\SDE.Shorezone\SDE.Non_Motorized_Launch_Site,Point,vector,,As needed,,
Tolerance_District,SDE,FeatureClass,Shorezone,FeatureClass,F:\GIS\DB_CONNECT\Vector.sde\SDE.Shorezone\SDE.Tolerance_District,Polygon,vector,,As needed,,
Shorezone_Preservation_Areas,SDE,FeatureClass,Shorezone,FeatureClass,F:\GIS\DB_CONNECT\Vector.sde\SDE.Shorezone\SDE.Shorezone_Preservation_Areas,Polygon,vector,,NA,,
Watercraft_Rental_Concessions,SDE,FeatureClass,Shorezone,FeatureClass,F:\GIS\DB_CONNECT\Vector.sde\SDE.Shorezone\SDE.Watercraft_Rental_Concessions,Point,vector,,As needed,,
Marina,SDE,FeatureClass,Shorezone,FeatureClass,F:\GIS\DB_CONNECT\Vector.sde\SDE.Shorezone\SDE.Marina,Point,vector,,As needed,,
BuoyField,SDE,FeatureClass,Shorezone,FeatureClass,F:\GIS\DB_CONNECT\Vector.sde\SDE.Shorezone\SDE.BuoyField,Polygon,vector,,As needed,,
PierHeadline,SDE,FeatureClass,Shorezone,FeatureClass,F:\GIS\DB_CONNECT\Vector.sde\SDE.Shorezone\SDE.PierHeadline,Polyline,vector,,As needed,,
Mooring,SDE,FeatureClass,Shorezone,FeatureClass,F:\GIS\DB_CONNECT\Vector.sde\SDE.Shorezone\SDE.Mooring,Point,vector,,As needed,,
Pier,SDE,FeatureClass,Shorezone,FeatureClass,F:\GIS\DB_CONNECT\Vector.sde\SDE.Shorezone\SDE.Pier,Polygon,vector,,As needed,,
Water_Trail,SDE,FeatureClass,Shorezone,FeatureClass,F:\GIS\DB_CONNECT\Vector.sde\SDE.Shorezone\SDE.Water_Trail,Polyline,vector,,NA,,
BeachLocations,SDE,FeatureClass,Shorezone,FeatureClass,F:\GIS\DB_CONNECT\Vector.sde\SDE.Shorezone\SDE.BeachLocations,Point,vector,,NA,,
Stream_Mouth_Protection_Zone,SDE,FeatureClass,Shorezone,FeatureClass,F:\GIS\DB_CONNECT\Vector.sde\SDE.Shorezone\SDE.Stream_Mouth_Protection_Zone,Polygon,vector,,NA,,
Parcel_Lines_Extended,SDE,FeatureClass,Shorezone,FeatureClass,F:\GIS\DB_CONNECT\Vector.sde\SDE.Shorezone\SDE.Parcel_Lines_Extended,Polyline,vector,,Parcel Updates,,
LittoralParcel,SDE,FeatureClass,Shorezone,FeatureClass,F:\GIS\DB_CONNECT\Vector.sde\SDE.Shorezone\SDE.LittoralParcel,Polygon,vector,,Parcel Updates,,
Exclusion,SDE,FeatureClass,Shorezone,FeatureClass,F:\GIS\DB_CONNECT\Vector.sde\SDE.Shorezone\SDE.Exclusion,Polygon,vector,,NA,,
Mooring_Sitka,SDE,FeatureClass,Shorezone,FeatureClass,F:\GIS\DB_CONNECT\Vector.sde\SDE.Shorezone\SDE.Mooring_Sitka,Point,vector,,NA,,
AIS_InspectionStation,SDE,FeatureClass,Shorezone,FeatureClass,F:\GIS\DB_CONNECT\Vector.sde\SDE.Shorezone\SDE.AIS_InspectionStation,Point,vector,,As needed,,
Shallow_Area,SDE,FeatureClass,Shorezone,FeatureClass,F:\GIS\DB_CONNECT\Vector.sde\SDE.Shorezone\SDE.Shallow_Area,Polygon,vector,,NA,,
BuoyZone,SDE,FeatureClass,Shorezone,FeatureClass,F:\GIS\DB_CONNECT\Vector.sde\SDE.Shorezone\SDE.BuoyZone,Polygon,vector,,As needed,,
No_Wake_Zone,SDE,FeatureClass,Shorezone,FeatureClass,F:\GIS\DB_CONNECT\Vector.sde\SDE.Shorezone\SDE.No_Wake_Zone,Polygon,vector,,NA,,
Housing_Tesselation,SDE,FeatureClass,Planning,FeatureClass,F:\GIS\DB_CONNECT\Vector.sde\SDE.Planning\SDE.Housing_Tesselation,Polygon,vector,,Annual,Andy,Partial
VHR_Aggregated_100acreHexBin,SDE,FeatureClass,Planning,FeatureClass,F:\GIS\DB_CONNECT\Vector.sde\SDE.Planning\SDE.VHR_Aggregated_100acreHexBin,Polygon,vector,,Annual,Andy,Partial
VHR_Tahoe,SDE,FeatureClass,Planning,FeatureClass,F:\GIS\DB_CONNECT\Vector.sde\SDE.Planning\SDE.VHR_Tahoe,Polygon,vector,,Annual,Andy,Partial
SpecialPlanningDistrict,SDE,FeatureClass,Planning,FeatureClass,F:\GIS\DB_CONNECT\Vector.sde\SDE.Planning\SDE.SpecialPlanningDistrict,Polygon,vector,,As needed,Alyssa,
TransferRatio,SDE,FeatureClass,Planning,FeatureClass,F:\GIS\DB_CONNECT\Vector.sde\SDE.Planning\SDE.TransferRatio,Polygon,vector,,As needed,Ken,
Multifamily_Allowed_Zone,SDE,FeatureClass,Planning,FeatureClass,F:\GIS\DB_CONNECT\Vector.sde\SDE.Planning\SDE.Multifamily_Allowed_Zone,Polygon,vector,,As needed,Planning,
LocalPlan,SDE,FeatureClass,Planning,FeatureClass,F:\GIS\DB_CONNECT\Vector.sde\SDE.Planning\SDE.LocalPlan,Polygon,vector,,As needed,Planning,
FlyOverZone,SDE,FeatureClass,Planning,FeatureClass,F:\GIS\DB_CONNECT\Vector.sde\SDE.Planning\SDE.FlyOverZone,Polygon,vector,,As needed,Planning,
VHR_Aggregated_100acreHexbin_2022,SDE,FeatureClass,Planning,FeatureClass,F:\GIS\DB_CONNECT\Vector.sde\SDE.Planning\SDE.VHR_Aggregated_100acreHexbin_2022,Polygon,vector,,NA,,
SubArea_A,SDE,FeatureClass,Planning,FeatureClass,F:\GIS\DB_CONNECT\Vector.sde\SDE.Planning\SDE.SubArea_A,Polygon,vector,,As needed,Planning,
SpecialArea,SDE,FeatureClass,Planning,FeatureClass,F:\GIS\DB_CONNECT\Vector.sde\SDE.Planning\SDE.SpecialArea,Polygon,vector,,As needed,Planning,
TownCenter_Buffer,SDE,FeatureClass,Planning,FeatureClass,F:\GIS\DB_CONNECT\Vector.sde\SDE.Planning\SDE.TownCenter_Buffer,Polygon,vector,,NA,,
Opportunity_Zones_SLT,SDE,FeatureClass,Planning,FeatureClass,F:\GIS\DB_CONNECT\Vector.sde\SDE.Planning\SDE.Opportunity_Zones_SLT,Polygon,vector,,As needed,Planning,
TransferRatio_Clip,SDE,FeatureClass,Planning,FeatureClass,F:\GIS\DB_CONNECT\Vector.sde\SDE.Planning\SDE.TransferRatio_Clip,Polygon,vector,,NA,,
VHR_Aggregatted,SDE,FeatureClass,Planning,FeatureClass,F:\GIS\DB_CONNECT\Vector.sde\SDE.Planning\SDE.VHR_Aggregatted,Polygon,vector,,Annual,Andy,
Permissible_ADU_Area,SDE,FeatureClass,Planning,FeatureClass,F:\GIS\DB_CONNECT\Vector.sde\SDE.Planning\SDE.Permissible_ADU_Area,Polygon,vector,,As needed,Planning,
Bonus_unit_boundary,SDE,FeatureClass,Planning,FeatureClass,F:\GIS\DB_CONNECT\Vector.sde\SDE.Planning\SDE.Bonus_unit_boundary,Polygon,vector,,As needed,Planning,
RegionalLandUse,SDE,FeatureClass,Planning,FeatureClass,F:\GIS\DB_CONNECT\Vector.sde\SDE.Planning\SDE.RegionalLandUse,Polygon,vector,,As needed,Andy,
District,SDE,FeatureClass,Planning,FeatureClass,F:\GIS\DB_CONNECT\Vector.sde\SDE.Planning\SDE.District,Polygon,vector,,As needed,Planning,
Placer_SpecialPlanningAreaOverlay,SDE,FeatureClass,Planning,FeatureClass,F:\GIS\DB_CONNECT\Vector.sde\SDE.Planning\SDE.Placer_SpecialPlanningAreaOverlay,Polygon,vector,Unknown,,,
TownCenter,SDE,FeatureClass,Planning,FeatureClass,F:\GIS\DB_CONNECT\Vector.sde\SDE.Planning\SDE.TownCenter,Polygon,vector,,NA,,
ScenicCharacterType,SDE,FeatureClass,Scenic,FeatureClass,F:\GIS\DB_CONNECT\Vector.sde\SDE.Scenic\SDE.ScenicCharacterType,Polygon,vector,,NA,,
Scenic_Corridor,SDE,FeatureClass,Scenic,FeatureClass,F:\GIS\DB_CONNECT\Vector.sde\SDE.Scenic\SDE.Scenic_Corridor,Polygon,vector,,NA,,
Scenic_Viewpoint,SDE,FeatureClass,Scenic,FeatureClass,F:\GIS\DB_CONNECT\Vector.sde\SDE.Scenic\SDE.Scenic_Viewpoint,Point,vector,,NA,,
Goshawk_NestBuffer,SDE,FeatureClass,Wildlife,FeatureClass,F:\GIS\DB_CONNECT\Vector.sde\SDE.Wildlife\SDE.Goshawk_NestBuffer,Polygon,vector,,As needed,Andy,
Bat_Roost,SDE,FeatureClass,Wildlife,FeatureClass,F:\GIS\DB_CONNECT\Vector.sde\SDE.Wildlife\SDE.Bat_Roost,Point,vector,,As needed,Andy,
Goshawk_Nest,SDE,FeatureClass,Wildlife,FeatureClass,F:\GIS\DB_CONNECT\Vector.sde\SDE.Wildlife\SDE.Goshawk_Nest,Point,vector,,As needed,Andy,
Goshawk_PAC,SDE,FeatureClass,Wildlife,FeatureClass,F:\GIS\DB_CONNECT\Vector.sde\SDE.Wildlife\SDE.Goshawk_PAC,Polygon,vector,,NA,,
SpottedOwl_PAC,SDE,FeatureClass,Wildlife,FeatureClass,F:\GIS\DB_CONNECT\Vector.sde\SDE.Wildlife\SDE.SpottedOwl_PAC,Polygon,vector,,NA,,
BaldEagle_Nest,SDE,FeatureClass,Wildlife,FeatureClass,F:\GIS\DB_CONNECT\Vector.sde\SDE.Wildlife\SDE.BaldEagle_Nest,Point,vector,,Annual,Andy,
DeerFawningHabitat,SDE,FeatureClass,Wildlife,FeatureClass,F:\GIS\DB_CONNECT\Vector.sde\SDE.Wildlife\SDE.DeerFawningHabitat,Polygon,vector,,NA,,
Waterfowl_Habitat,SDE,FeatureClass,Wildlife,FeatureClass,F:\GIS\DB_CONNECT\Vector.sde\SDE.Wildlife\SDE.Waterfowl_Habitat,Polygon,vector,,NA,,
Osprey_NestBuffer,SDE,FeatureClass,Wildlife,FeatureClass,F:\GIS\DB_CONNECT\Vector.sde\SDE.Wildlife\SDE.Osprey_NestBuffer,Polygon,vector,,Annual,Andy,
GoldenEagle_NestBuffer,SDE,FeatureClass,Wildlife,FeatureClass,F:\GIS\DB_CONNECT\Vector.sde\SDE.Wildlife\SDE.GoldenEagle_NestBuffer,Polygon,vector,,Annual,Andy,
SpottedOwl_Nest,SDE,FeatureClass,Wildlife,FeatureClass,F:\GIS\DB_CONNECT\Vector.sde\SDE.Wildlife\SDE.SpottedOwl_Nest,Point,vector,,NA,,
BaldEagle_NestBuffer,SDE,FeatureClass,Wildlife,FeatureClass,F:\GIS\DB_CONNECT\Vector.sde\SDE.Wildlife\SDE.BaldEagle_NestBuffer,Polygon,vector,,Annual,Andy,
Goshawk_SpottedOwl_Buffer_StateParks,SDE,FeatureClass,Wildlife,FeatureClass,F:\GIS\DB_CONNECT\Vector.sde\SDE.Wildlife\SDE.Goshawk_SpottedOwl_Buffer_StateParks,Polygon,vector,,Annual,Andy,
UrbanDisturbanceGradient,SDE,FeatureClass,Wildlife,FeatureClass,F:\GIS\DB_CONNECT\Vector.sde\SDE.Wildlife\SDE.UrbanDisturbanceGradient,Polygon,vector,,NA,,
Wildlife_Biodiversity,SDE,FeatureClass,Wildlife,FeatureClass,F:\GIS\DB_CONNECT\Vector.sde\SDE.Wildlife\SDE.Wildlife_Biodiversity,Point,vector,,Annual,Andy,
GoldenEagle_Nest,SDE,FeatureClass,Wildlife,FeatureClass,F:\GIS\DB_CONNECT\Vector.sde\SDE.Wildlife\SDE.GoldenEagle_Nest,Point,vector,,Annual,Andy,
PeregrineFalcon_Nest,SDE,FeatureClass,Wildlife,FeatureClass,F:\GIS\DB_CONNECT\Vector.sde\SDE.Wildlife\SDE.PeregrineFalcon_Nest,Point,vector,,Annual,Andy,
BaldEagle_WinterHabitat,SDE,FeatureClass,Wildlife,FeatureClass,F:\GIS\DB_CONNECT\Vector.sde\SDE.Wildlife\SDE.BaldEagle_WinterHabitat,Polygon,vector,,Annual,Andy,
PeregrineFalcon_NestBuffer,SDE,FeatureClass,Wildlife,FeatureClass,F:\GIS\DB_CONNECT\Vector.sde\SDE.Wildlife\SDE.PeregrineFalcon_NestBuffer,Polygon,vector,,Annual,Andy,
SierraNevadaYellowLeggedFrog_CriticalHabitat,SDE,FeatureClass,Wildlife,FeatureClass,F:\GIS\DB_CONNECT\Vector.sde\SDE.Wildlife\SDE.SierraNevadaYellowLeggedFrog_CriticalHabitat,Polygon,vector,,NA,,
Osprey_Nest,SDE,FeatureClass,Wildlife,FeatureClass,F:\GIS\DB_CONNECT\Vector.sde\SDE.Wildlife\SDE.Osprey_Nest,Point,vector,,Annual,Andy,
SierraNevadaYellowLeggedFrog_SuitableHabitat,SDE,FeatureClass,Wildlife,FeatureClass,F:\GIS\DB_CONNECT\Vector.sde\SDE.Wildlife\SDE.SierraNevadaYellowLeggedFrog_SuitableHabitat,Polygon,vector,,NA,,
Goshawk_ThresholdZone,SDE,FeatureClass,Wildlife,FeatureClass,F:\GIS\DB_CONNECT\Vector.sde\SDE.Wildlife\SDE.Goshawk_ThresholdZone,Polygon,vector,,NA,,
BatRoost_Buffer,SDE,FeatureClass,Wildlife,FeatureClass,F:\GIS\DB_CONNECT\Vector.sde\SDE.Wildlife\SDE.BatRoost_Buffer,Polygon,vector,,NA,,
DisturbanceZones,SDE,FeatureClass,Wildlife,FeatureClass,F:\GIS\DB_CONNECT\Vector.sde\SDE.Wildlife\SDE.DisturbanceZones,Polygon,vector,,NA,,
WillowFlycatcher_Habitat,SDE,FeatureClass,Wildlife,FeatureClass,F:\GIS\DB_CONNECT\Vector.sde\SDE.Wildlife\SDE.WillowFlycatcher_Habitat,Polygon,vector,,NA,,
Marten_Den,SDE,FeatureClass,Wildlife,FeatureClass,F:\GIS\DB_CONNECT\Vector.sde\SDE.Wildlife\SDE.Marten_Den,Polygon,vector,,NA,,
Public_Access,SDE,FeatureClass,Recreation,FeatureClass,F:\GIS\DB_CONNECT\Vector.sde\SDE.Recreation\SDE.Public_Access,Polygon,vector,,As needed,,
BackcountrySkiing_Parking,SDE,FeatureClass,Recreation,FeatureClass,F:\GIS\DB_CONNECT\Vector.sde\SDE.Recreation\SDE.BackcountrySkiing_Parking,Point,vector,,As needed,,
Recreation_Trailheads,SDE,FeatureClass,Recreation,FeatureClass,F:\GIS\DB_CONNECT\Vector.sde\SDE.Recreation\SDE.Recreation_Trailheads,Point,vector,,As needed,,
Recreation_Sites,SDE,FeatureClass,Recreation,FeatureClass,F:\GIS\DB_CONNECT\Vector.sde\SDE.Recreation\SDE.Recreation_Sites,Point,vector,,As needed,,
Recreation_Trails,SDE,FeatureClass,Recreation,FeatureClass,F:\GIS\DB_CONNECT\Vector.sde\SDE.Recreation\SDE.Recreation_Trails,Polyline,vector,,As needed,,
Proposed_Trails,SDE,FeatureClass,Recreation,FeatureClass,F:\GIS\DB_CONNECT\Vector.sde\SDE.Recreation\SDE.Proposed_Trails,Polyline,vector,,As needed,,
Proposed_Trails_Conceptual,SDE,FeatureClass,Recreation,FeatureClass,F:\GIS\DB_CONNECT\Vector.sde\SDE.Recreation\SDE.Proposed_Trails_Conceptual,Polygon,vector,,As needed,,
Trail_Maintenance_and_Decommission,SDE,FeatureClass,Recreation,FeatureClass,F:\GIS\DB_CONNECT\Vector.sde\SDE.Recreation\SDE.Trail_Maintenance_and_Decommission,Polyline,vector,,As needed,,
Trails_Strategy_Trailheads,SDE,FeatureClass,Recreation,FeatureClass,F:\GIS\DB_CONNECT\Vector.sde\SDE.Recreation\SDE.Trails_Strategy_Trailheads,Point,vector,,As needed,,
Beaches,SDE,FeatureClass,Recreation,FeatureClass,F:\GIS\DB_CONNECT\Vector.sde\SDE.Recreation\SDE.Beaches,Point,vector,,NA,,
Climbing_Areas,SDE,FeatureClass,Recreation,FeatureClass,F:\GIS\DB_CONNECT\Vector.sde\SDE.Recreation\SDE.Climbing_Areas,Point,vector,,As needed,,
LCV_Backshore_Boundary,SDE,FeatureClass,Soils,FeatureClass,F:\GIS\DB_CONNECT\Vector.sde\SDE.Soils\SDE.LCV_Backshore_Boundary,Polyline,vector,,As needed,,
land_capability_NRCS2007,SDE,FeatureClass,Soils,FeatureClass,F:\GIS\DB_CONNECT\Vector.sde\SDE.Soils\SDE.land_capability_NRCS2007,Polygon,vector,,NA,,
NRCS_Soils_2014,SDE,FeatureClass,Soils,FeatureClass,F:\GIS\DB_CONNECT\Vector.sde\SDE.Soils\SDE.NRCS_Soils_2014,Polygon,vector,,NA,,
TahoeValleyLandCapability,SDE,FeatureClass,Soils,FeatureClass,F:\GIS\DB_CONNECT\Vector.sde\SDE.Soils\SDE.TahoeValleyLandCapability,Polygon,vector,,NA,,
geom_unit,SDE,FeatureClass,Soils,FeatureClass,F:\GIS\DB_CONNECT\Vector.sde\SDE.Soils\SDE.geom_unit,Polygon,vector,,NA,,
LCV_Setback,SDE,FeatureClass,Soils,FeatureClass,F:\GIS\DB_CONNECT\Vector.sde\SDE.Soils\SDE.LCV_Setback,Polyline,vector,,NA,,
NRCS_Soils_2003,SDE,FeatureClass,Soils,FeatureClass,F:\GIS\DB_CONNECT\Vector.sde\SDE.Soils\SDE.NRCS_Soils_2003,Polygon,vector,,NA,,
scssoils,SDE,FeatureClass,Soils,FeatureClass,F:\GIS\DB_CONNECT\Vector.sde\SDE.Soils\SDE.scssoils,Polygon,vector,,NA,,
geol_trpa,SDE,FeatureClass,Soils,FeatureClass,F:\GIS\DB_CONNECT\Vector.sde\SDE.Soils\SDE.geol_trpa,Polygon,vector,,NA,,
NRCS_Soils_1974,SDE,FeatureClass,Soils,FeatureClass,F:\GIS\DB_CONNECT\Vector.sde\SDE.Soils\SDE.NRCS_Soils_1974,Polygon,vector,,NA,,
wb_rock,SDE,FeatureClass,Soils,FeatureClass,F:\GIS\DB_CONNECT\Vector.sde\SDE.Soils\SDE.wb_rock,Polygon,vector,,NA,,
Land_Capability_Verification,SDE,FeatureClass,Soils,FeatureClass,F:\GIS\DB_CONNECT\Vector.sde\SDE.Soils\SDE.Land_Capability_Verification,Polygon,vector,,As needed,Planning,
land_capability_P7,SDE,FeatureClass,Soils,FeatureClass,F:\GIS\DB_CONNECT\Vector.sde\SDE.Soils\SDE.land_capability_P7,Polygon,vector,,NA,,
geomorphnew,SDE,FeatureClass,Soils,FeatureClass,F:\GIS\DB_CONNECT\Vector.sde\SDE.Soils\SDE.geomorphnew,Polygon,vector,,NA,,
land_capability_Sinclair,SDE,FeatureClass,Soils,FeatureClass,F:\GIS\DB_CONNECT\Vector.sde\SDE.Soils\SDE.land_capability_Sinclair,Polygon,vector,,NA,,
land_capability_Bailey_Soils,SDE,FeatureClass,Soils,FeatureClass,F:\GIS\DB_CONNECT\Vector.sde\SDE.Soils\SDE.land_capability_Bailey_Soils,Polygon,vector,,NA,,
Impervious_2010,SDE,FeatureClass,Impervious,FeatureClass,F:\GIS\DB_CONNECT\Vector.sde\SDE.Impervious\SDE.Impervious_2010,Polygon,vector,,NA,,
Transportation_Lines_2010,SDE,FeatureClass,Impervious,FeatureClass,F:\GIS\DB_CONNECT\Vector.sde\SDE.Impervious\SDE.Transportation_Lines_2010,Polyline,vector,,NA,,
Buildings_CA_NV,SDE,FeatureClass,Impervious,FeatureClass,F:\GIS\DB_CONNECT\Vector.sde\SDE.Impervious\SDE.Buildings_CA_NV,Polygon,vector,,Annual,?,
Buildings_TahoeArea,SDE,FeatureClass,Impervious,FeatureClass,F:\GIS\DB_CONNECT\Vector.sde\SDE.Impervious\SDE.Buildings_TahoeArea,Polygon,vector,,Annual,?,
Impervious_2010_Cleaned,SDE,FeatureClass,Impervious,FeatureClass,F:\GIS\DB_CONNECT\Vector.sde\SDE.Impervious\SDE.Impervious_2010_Cleaned,Polygon,vector,,NA,,
Impervious_Change_2010_2019,SDE,FeatureClass,Impervious,FeatureClass,F:\GIS\DB_CONNECT\Vector.sde\SDE.Impervious\SDE.Impervious_Change_2010_2019,Polygon,vector,,NA,,
Impervious_2019,SDE,FeatureClass,Impervious,FeatureClass,F:\GIS\DB_CONNECT\Vector.sde\SDE.Impervious\SDE.Impervious_2019,Polygon,vector,,NA,,
ParcelPoints,SDE,FeatureClass,Parcels,FeatureClass,F:\GIS\DB_CONNECT\Vector.sde\SDE.Parcels\SDE.ParcelPoints,Point,vector,,Parcel Updates,Data Team,Yes
Parcels_Base,SDE,FeatureClass,Parcels,FeatureClass,F:\GIS\DB_CONNECT\Vector.sde\SDE.Parcels\SDE.Parcels_Base,Polygon,vector,,Parcel Updates,Data Team,Yes
Parcel_Master,SDE,FeatureClass,Parcels,FeatureClass,F:\GIS\DB_CONNECT\Vector.sde\SDE.Parcels\SDE.Parcel_Master,Polygon,vector,,Parcel Updates,Data Team,Yes
Parcel_History,SDE,FeatureClass,Parcels,FeatureClass,F:\GIS\DB_CONNECT\Vector.sde\SDE.Parcels\SDE.Parcel_History,Point,vector,,Annual,Data Team,Yes
Parcel_History_Attributed,SDE,FeatureClass,Parcels,FeatureClass,F:\GIS\DB_CONNECT\Vector.sde\SDE.Parcels\SDE.Parcel_History_Attributed,Polygon,vector,,Annual,Data Team,Yes
Parcel_XAPO,SDE,FeatureClass,Parcels,FeatureClass,F:\GIS\DB_CONNECT\Vector.sde\SDE.Parcels\SDE.Parcel_XAPO,Point,vector,,Parcel Updates,Data Team,Yes
Aspect,SDE,FeatureClass,Physiography,FeatureClass,F:\GIS\DB_CONNECT\Vector.sde\SDE.Physiography\SDE.Aspect,Polygon,vector,,NA,,
Contour200,SDE,FeatureClass,Physiography,FeatureClass,F:\GIS\DB_CONNECT\Vector.sde\SDE.Physiography\SDE.Contour200,Polyline,vector,,NA,,
Contour40,SDE,FeatureClass,Physiography,FeatureClass,F:\GIS\DB_CONNECT\Vector.sde\SDE.Physiography\SDE.Contour40,Polyline,vector,,NA,,
Peaks,SDE,FeatureClass,Physiography,FeatureClass,F:\GIS\DB_CONNECT\Vector.sde\SDE.Physiography\SDE.Peaks,Point,vector,,NA,,
Slope,SDE,FeatureClass,Physiography,FeatureClass,F:\GIS\DB_CONNECT\Vector.sde\SDE.Physiography\SDE.Slope,Polygon,vector,,NA,,
Contour10,SDE,FeatureClass,Physiography,FeatureClass,F:\GIS\DB_CONNECT\Vector.sde\SDE.Physiography\SDE.Contour10,Polyline,vector,,NA,,
HighWater_6229ft,SDE,FeatureClass,Physiography,FeatureClass,F:\GIS\DB_CONNECT\Vector.sde\SDE.Physiography\SDE.HighWater_6229ft,Polyline,vector,,NA,,
GeneralizedContour_6210ft,SDE,FeatureClass,Physiography,FeatureClass,F:\GIS\DB_CONNECT\Vector.sde\SDE.Physiography\SDE.GeneralizedContour_6210ft,Polyline,vector,,NA,,
GeneralizedContour_6219ft,SDE,FeatureClass,Physiography,FeatureClass,F:\GIS\DB_CONNECT\Vector.sde\SDE.Physiography\SDE.GeneralizedContour_6219ft,Polyline,vector,,NA,,
GeneralizedContour_6220ft,SDE,FeatureClass,Physiography,FeatureClass,F:\GIS\DB_CONNECT\Vector.sde\SDE.Physiography\SDE.GeneralizedContour_6220ft,Polyline,vector,,NA,,
GeneralizedContour_6223ft,SDE,FeatureClass,Physiography,FeatureClass,F:\GIS\DB_CONNECT\Vector.sde\SDE.Physiography\SDE.GeneralizedContour_6223ft,Polyline,vector,,NA,,
NaturalRim_6223ft,SDE,FeatureClass,Physiography,FeatureClass,F:\GIS\DB_CONNECT\Vector.sde\SDE.Physiography\SDE.NaturalRim_6223ft,Polyline,vector,,NA,,
BathymetryContour_6220ft,SDE,FeatureClass,Physiography,FeatureClass,F:\GIS\DB_CONNECT\Vector.sde\SDE.Physiography\SDE.BathymetryContour_6220ft,Polyline,vector,,NA,,
BathymetryContour_6219ft,SDE,FeatureClass,Physiography,FeatureClass,F:\GIS\DB_CONNECT\Vector.sde\SDE.Physiography\SDE.BathymetryContour_6219ft,Polyline,vector,,NA,,
BathymetryContour_6210ft,SDE,FeatureClass,Physiography,FeatureClass,F:\GIS\DB_CONNECT\Vector.sde\SDE.Physiography\SDE.BathymetryContour_6210ft,Polyline,vector,,NA,,
Slope_Class,SDE,FeatureClass,Physiography,FeatureClass,F:\GIS\DB_CONNECT\Vector.sde\SDE.Physiography\SDE.Slope_Class,Polygon,vector,,NA,,
Avalanche_Zones,SDE,FeatureClass,Physiography,FeatureClass,F:\GIS\DB_CONNECT\Vector.sde\SDE.Physiography\SDE.Avalanche_Zones,Polygon,vector,,NA,,
veg04final,SDE,FeatureClass,Vegetation,FeatureClass,F:\GIS\DB_CONNECT\Vector.sde\SDE.Vegetation\SDE.veg04final,Polygon,vector,,NA,,
wetland,SDE,FeatureClass,Vegetation,FeatureClass,F:\GIS\DB_CONNECT\Vector.sde\SDE.Vegetation\SDE.wetland,Polygon,vector,,NA,,
TahoeYellowcress,SDE,FeatureClass,Vegetation,FeatureClass,F:\GIS\DB_CONNECT\Vector.sde\SDE.Vegetation\SDE.TahoeYellowcress,Polygon,vector,,NA,,
TreeMortality_HighHazardZones_Tier1,SDE,FeatureClass,Vegetation,FeatureClass,F:\GIS\DB_CONNECT\Vector.sde\SDE.Vegetation\SDE.TreeMortality_HighHazardZones_Tier1,Polygon,vector,,NA,,
TreeMortality_HighHazardZones_Tier2,SDE,FeatureClass,Vegetation,FeatureClass,F:\GIS\DB_CONNECT\Vector.sde\SDE.Vegetation\SDE.TreeMortality_HighHazardZones_Tier2,Polygon,vector,,NA,,
USFS_ForestVegetationImproved,SDE,FeatureClass,Vegetation,FeatureClass,F:\GIS\DB_CONNECT\Vector.sde\SDE.Vegetation\SDE.USFS_ForestVegetationImproved,Polygon,vector,,NA,,
USFS_TimberHarvest,SDE,FeatureClass,Vegetation,FeatureClass,F:\GIS\DB_CONNECT\Vector.sde\SDE.Vegetation\SDE.USFS_TimberHarvest,Polygon,vector,,NA,,
USFS_SensitivePlants,SDE,FeatureClass,Vegetation,FeatureClass,F:\GIS\DB_CONNECT\Vector.sde\SDE.Vegetation\SDE.USFS_SensitivePlants,Polygon,vector,,NA,,
Aspen,SDE,FeatureClass,Vegetation,FeatureClass,F:\GIS\DB_CONNECT\Vector.sde\SDE.Vegetation\SDE.Aspen,Polygon,vector,,NA,,
AquaticVegetation_SubSurface,SDE,FeatureClass,Vegetation,FeatureClass,F:\GIS\DB_CONNECT\Vector.sde\SDE.Vegetation\SDE.AquaticVegetation_SubSurface,Polygon,vector,,NA,,
AquaticVegetation_SurveyZone,SDE,FeatureClass,Vegetation,FeatureClass,F:\GIS\DB_CONNECT\Vector.sde\SDE.Vegetation\SDE.AquaticVegetation_SurveyZone,Polygon,vector,,NA,,
Vegetation_Ecobject_2010,SDE,FeatureClass,Vegetation,FeatureClass,F:\GIS\DB_CONNECT\Vector.sde\SDE.Vegetation\SDE.Vegetation_Ecobject_2010,Polygon,vector,,NA,,
ForestManagementZone_Identity_TreeMortality2023,SDE,FeatureClass,Vegetation,FeatureClass,F:\GIS\DB_CONNECT\Vector.sde\SDE.Vegetation\SDE.ForestManagementZone_Identity_TreeMortality2023,Polygon,vector,,NA,,
TreeMortality_AerialDetectionSurvey_2023,SDE,FeatureClass,Vegetation,FeatureClass,F:\GIS\DB_CONNECT\Vector.sde\SDE.Vegetation\SDE.TreeMortality_AerialDetectionSurvey_2023,Polygon,vector,,NA,,
AquaticInvasivePlants_ControlSites,SDE,FeatureClass,Vegetation,FeatureClass,F:\GIS\DB_CONNECT\Vector.sde\SDE.Vegetation\SDE.AquaticInvasivePlants_ControlSites,Point,vector,,NA,,
Caldor_ModerateHigh_BurnSeverity,SDE,FeatureClass,Vegetation,FeatureClass,F:\GIS\DB_CONNECT\Vector.sde\SDE.Vegetation\SDE.Caldor_ModerateHigh_BurnSeverity,Polygon,vector,,NA,,
StandDensity_Classified_F3_SNRRK_Tahoe_Dissolve,SDE,FeatureClass,Vegetation,FeatureClass,F:\GIS\DB_CONNECT\Vector.sde\SDE.Vegetation\SDE.StandDensity_Classified_F3_SNRRK_Tahoe_Dissolve,Polygon,vector,,NA,,
SeralStage_Canopy_F3_SNRRK_Tahoe_Dissolve,SDE,FeatureClass,Vegetation,FeatureClass,F:\GIS\DB_CONNECT\Vector.sde\SDE.Vegetation\SDE.SeralStage_Canopy_F3_SNRRK_Tahoe_Dissolve,Polygon,vector,,NA,,
TransitStop_Buffer_QuarterMile,SDE,FeatureClass,Transportation,FeatureClass,F:\GIS\DB_CONNECT\Vector.sde\SDE.Transportation\SDE.TransitStop_Buffer_QuarterMile,Polygon,vector,,As needed,Transportation,
County_Roads_Jurisdiction,SDE,FeatureClass,Transportation,FeatureClass,F:\GIS\DB_CONNECT\Vector.sde\SDE.Transportation\SDE.County_Roads_Jurisdiction,Polyline,vector,,NA,,
Waterborne_Transit_Proposed,SDE,FeatureClass,Transportation,FeatureClass,F:\GIS\DB_CONNECT\Vector.sde\SDE.Transportation\SDE.Waterborne_Transit_Proposed,Polyline,vector,,As needed,Transportation,
bike_ped_counter_spatial,SDE,FeatureClass,Transportation,FeatureClass,F:\GIS\DB_CONNECT\Vector.sde\SDE.Transportation\SDE.bike_ped_counter_spatial,Point,vector,,As needed,Andy,
Tahoe_Intersections,SDE,FeatureClass,Transportation,FeatureClass,F:\GIS\DB_CONNECT\Vector.sde\SDE.Transportation\SDE.Tahoe_Intersections,Point,vector,,NA,,
Transportation_Equity_Study_Tesselation,SDE,FeatureClass,Transportation,FeatureClass,F:\GIS\DB_CONNECT\Vector.sde\SDE.Transportation\SDE.Transportation_Equity_Study_Tesselation,Polygon,vector,,NA,,
Congestion,SDE,FeatureClass,Transportation,FeatureClass,F:\GIS\DB_CONNECT\Vector.sde\SDE.Transportation\SDE.Congestion,Polyline,vector,,NA,,
Occupancy_Rate_Zones,SDE,FeatureClass,Transportation,FeatureClass,F:\GIS\DB_CONNECT\Vector.sde\SDE.Transportation\SDE.Occupancy_Rate_Zones,Polygon,vector,,NA,,
MileMarker,SDE,FeatureClass,Transportation,FeatureClass,F:\GIS\DB_CONNECT\Vector.sde\SDE.Transportation\SDE.MileMarker,Point,vector,,NA,,
Major_Highways,SDE,FeatureClass,Transportation,FeatureClass,F:\GIS\DB_CONNECT\Vector.sde\SDE.Transportation\SDE.Major_Highways,Polyline,vector,,NA,,
Proposed_Active_Transportation_Facilities_Buffer_75ft,SDE,FeatureClass,Transportation,FeatureClass,F:\GIS\DB_CONNECT\Vector.sde\SDE.Transportation\SDE.Proposed_Active_Transportation_Facilities_Buffer_75ft,Polygon,vector,,As needed,Transportation,
Transportation_Analysis_Zone,SDE,FeatureClass,Transportation,FeatureClass,F:\GIS\DB_CONNECT\Vector.sde\SDE.Transportation\SDE.Transportation_Analysis_Zone,Polygon,vector,,NA,,
SR89_ManagementPlan_RoadBuffer,SDE,FeatureClass,Transportation,FeatureClass,F:\GIS\DB_CONNECT\Vector.sde\SDE.Transportation\SDE.SR89_ManagementPlan_RoadBuffer,Polygon,vector,,NA,,
TransitStop_Walkshed_OneMile,SDE,FeatureClass,Transportation,FeatureClass,F:\GIS\DB_CONNECT\Vector.sde\SDE.Transportation\SDE.TransitStop_Walkshed_OneMile,Polygon,vector,,As needed,Transportation,
Shared_Use_Paths_75ft_Buffer,SDE,FeatureClass,Transportation,FeatureClass,F:\GIS\DB_CONNECT\Vector.sde\SDE.Transportation\SDE.Shared_Use_Paths_75ft_Buffer,Polygon,vector,,As needed,Transportation,
High_Injury_Network_OSM,SDE,FeatureClass,Transportation,FeatureClass,F:\GIS\DB_CONNECT\Vector.sde\SDE.Transportation\SDE.High_Injury_Network_OSM,Polyline,vector,,Annual,Andy,Yes
Travel_Survey_2018,SDE,FeatureClass,Transportation,FeatureClass,F:\GIS\DB_CONNECT\Vector.sde\SDE.Transportation\SDE.Travel_Survey_2018,Point,vector,,NA,,
EVSE_Workplace_Charging_Score_TPRA,SDE,FeatureClass,Transportation,FeatureClass,F:\GIS\DB_CONNECT\Vector.sde\SDE.Transportation\SDE.EVSE_Workplace_Charging_Score_TPRA,Polygon,vector,,NA,,
PIA_Zones,SDE,FeatureClass,Transportation,FeatureClass,F:\GIS\DB_CONNECT\Vector.sde\SDE.Transportation\SDE.PIA_Zones,Polygon,vector,,NA,,
Corridor,SDE,FeatureClass,Transportation,FeatureClass,F:\GIS\DB_CONNECT\Vector.sde\SDE.Transportation\SDE.Corridor,Polygon,vector,,NA,,
SR89_ManagementPlan_Parcels,SDE,FeatureClass,Transportation,FeatureClass,F:\GIS\DB_CONNECT\Vector.sde\SDE.Transportation\SDE.SR89_ManagementPlan_Parcels,Polygon,vector,,NA,,
TransitStop_Walkshed_QuarterMile,SDE,FeatureClass,Transportation,FeatureClass,F:\GIS\DB_CONNECT\Vector.sde\SDE.Transportation\SDE.TransitStop_Walkshed_QuarterMile,Polygon,vector,,As needed,Transportation,
USFS_Transportation_ln,SDE,FeatureClass,Transportation,FeatureClass,F:\GIS\DB_CONNECT\Vector.sde\SDE.Transportation\SDE.USFS_Transportation_ln,Polyline,vector,,NA,,
USFS_Roads,SDE,FeatureClass,Transportation,FeatureClass,F:\GIS\DB_CONNECT\Vector.sde\SDE.Transportation\SDE.USFS_Roads,Polyline,vector,,NA,,
Bicycle_Level_of_Traffic_Stress_Intersections,SDE,FeatureClass,Transportation,FeatureClass,F:\GIS\DB_CONNECT\Vector.sde\SDE.Transportation\SDE.Bicycle_Level_of_Traffic_Stress_Intersections,Point,vector,,NA,,
EVSE_Workplace_Charging_Score_filtered,SDE,FeatureClass,Transportation,FeatureClass,F:\GIS\DB_CONNECT\Vector.sde\SDE.Transportation\SDE.EVSE_Workplace_Charging_Score_filtered,Polygon,vector,,NA,,
TransitStop_Walkshed_HalfMile,SDE,FeatureClass,Transportation,FeatureClass,F:\GIS\DB_CONNECT\Vector.sde\SDE.Transportation\SDE.TransitStop_Walkshed_HalfMile,Polygon,vector,,As needed,Transportation,
ExistingBikeRacks,SDE,FeatureClass,Transportation,FeatureClass,F:\GIS\DB_CONNECT\Vector.sde\SDE.Transportation\SDE.ExistingBikeRacks,Point,vector,,As needed,Transportation,
Traffic_Count_Stations,SDE,FeatureClass,Transportation,FeatureClass,F:\GIS\DB_CONNECT\Vector.sde\SDE.Transportation\SDE.Traffic_Count_Stations,Point,vector,,As needed,Transportation,
TTD_Paratransit_1Mile,SDE,FeatureClass,Transportation,FeatureClass,F:\GIS\DB_CONNECT\Vector.sde\SDE.Transportation\SDE.TTD_Paratransit_1Mile,Polygon,vector,,As needed,Transportation,
Tahoe_OSM_Streets,SDE,FeatureClass,Transportation,FeatureClass,F:\GIS\DB_CONNECT\Vector.sde\SDE.Transportation\SDE.Tahoe_OSM_Streets,Polyline,vector,,NA,,
TravelTime_Segments,SDE,FeatureClass,Transportation,FeatureClass,F:\GIS\DB_CONNECT\Vector.sde\SDE.Transportation\SDE.TravelTime_Segments,Polyline,vector,,NA,,
Traffic_Volumes,SDE,FeatureClass,Transportation,FeatureClass,F:\GIS\DB_CONNECT\Vector.sde\SDE.Transportation\SDE.Traffic_Volumes,Point,vector,,NA,,
Proposed_Transit_Network_Short_Term,SDE,FeatureClass,Transportation,FeatureClass,F:\GIS\DB_CONNECT\Vector.sde\SDE.Transportation\SDE.Proposed_Transit_Network_Short_Term,Polyline,vector,,NA,,
Existing_Active_Transportation_Facilities,SDE,FeatureClass,Transportation,FeatureClass,F:\GIS\DB_CONNECT\Vector.sde\SDE.Transportation\SDE.Existing_Active_Transportation_Facilities,Polyline,vector,,NA,,
AutoEntryPoint,SDE,FeatureClass,Transportation,FeatureClass,F:\GIS\DB_CONNECT\Vector.sde\SDE.Transportation\SDE.AutoEntryPoint,Point,vector,,NA,,
Existing_Active_Transportation_Facilities_Buffer_75ft,SDE,FeatureClass,Transportation,FeatureClass,F:\GIS\DB_CONNECT\Vector.sde\SDE.Transportation\SDE.Existing_Active_Transportation_Facilities_Buffer_75ft,Polygon,vector,,As needed,Transportation,
Mobility_Hub,SDE,FeatureClass,Transportation,FeatureClass,F:\GIS\DB_CONNECT\Vector.sde\SDE.Transportation\SDE.Mobility_Hub,Polygon,vector,,As needed,Transportation,
TTD_Paratransit_Extended,SDE,FeatureClass,Transportation,FeatureClass,F:\GIS\DB_CONNECT\Vector.sde\SDE.Transportation\SDE.TTD_Paratransit_Extended,Polygon,vector,,As needed,Transportation,
Tahoe_Crash,SDE,FeatureClass,Transportation,FeatureClass,F:\GIS\DB_CONNECT\Vector.sde\SDE.Transportation\SDE.Tahoe_Crash,Point,vector,,Annual,Andy,Yes
WinterTrafficVolume_CountLocation,SDE,FeatureClass,Transportation,FeatureClass,F:\GIS\DB_CONNECT\Vector.sde\SDE.Transportation\SDE.WinterTrafficVolume_CountLocation,Point,vector,,NA,,
Tahoe_Parking_Lots,SDE,FeatureClass,Transportation,FeatureClass,F:\GIS\DB_CONNECT\Vector.sde\SDE.Transportation\SDE.Tahoe_Parking_Lots,Polygon,vector,Get it updated,As needed,,
Crashes_HotSpots,SDE,FeatureClass,Transportation,FeatureClass,F:\GIS\DB_CONNECT\Vector.sde\SDE.Transportation\SDE.Crashes_HotSpots,Polyline,vector,,Annual,Andy,Yes
Proposed_Active_Transportation_Facilities,SDE,FeatureClass,Transportation,FeatureClass,F:\GIS\DB_CONNECT\Vector.sde\SDE.Transportation\SDE.Proposed_Active_Transportation_Facilities,Polyline,vector,,As needed,Transportation,
EVSE_Public_Charging_Score_TPRA,SDE,FeatureClass,Transportation,FeatureClass,F:\GIS\DB_CONNECT\Vector.sde\SDE.Transportation\SDE.EVSE_Public_Charging_Score_TPRA,Polygon,vector,,NA,,
Electric_Vehicle_Charging_Station,SDE,FeatureClass,Transportation,FeatureClass,F:\GIS\DB_CONNECT\Vector.sde\SDE.Transportation\SDE.Electric_Vehicle_Charging_Station,Point,vector,,Annual,Transportation,
High_Injury_Network_ModeStacked,SDE,FeatureClass,Transportation,FeatureClass,F:\GIS\DB_CONNECT\Vector.sde\SDE.Transportation\SDE.High_Injury_Network_ModeStacked,Polyline,vector,,Annual,Andy,Yes
Sidewalk_Assessment_Districts,SDE,FeatureClass,Transportation,FeatureClass,F:\GIS\DB_CONNECT\Vector.sde\SDE.Transportation\SDE.Sidewalk_Assessment_Districts,Polygon,vector,,NA,,
Tahoe_Bus_Stops,SDE,FeatureClass,Transportation,FeatureClass,F:\GIS\DB_CONNECT\Vector.sde\SDE.Transportation\SDE.Tahoe_Bus_Stops,Point,vector,,As needed,Transportation,
ProposedBikeRacks,SDE,FeatureClass,Transportation,FeatureClass,F:\GIS\DB_CONNECT\Vector.sde\SDE.Transportation\SDE.ProposedBikeRacks,Point,vector,,As needed,Transportation,
Microtransit_Service_Areas,SDE,FeatureClass,Transportation,FeatureClass,F:\GIS\DB_CONNECT\Vector.sde\SDE.Transportation\SDE.Microtransit_Service_Areas,Polygon,vector,,As needed,Transportation,
Tahoe_Transit_Routes,SDE,FeatureClass,Transportation,FeatureClass,F:\GIS\DB_CONNECT\Vector.sde\SDE.Transportation\SDE.Tahoe_Transit_Routes,Polyline,vector,,As needed,Transportation,
TransitStop_Buffer_HalfMile,SDE,FeatureClass,Transportation,FeatureClass,F:\GIS\DB_CONNECT\Vector.sde\SDE.Transportation\SDE.TransitStop_Buffer_HalfMile,Polygon,vector,,As needed,Transportation,
Pedestrian_Experience_Index,SDE,FeatureClass,Transportation,FeatureClass,F:\GIS\DB_CONNECT\Vector.sde\SDE.Transportation\SDE.Pedestrian_Experience_Index,Polyline,vector,,NA,,
Primary_Transit_Routes,SDE,FeatureClass,Transportation,FeatureClass,F:\GIS\DB_CONNECT\Vector.sde\SDE.Transportation\SDE.Primary_Transit_Routes,Polyline,vector,,As needed,Transportation,
EVSE_Public_Charging_Score_filtered,SDE,FeatureClass,Transportation,FeatureClass,F:\GIS\DB_CONNECT\Vector.sde\SDE.Transportation\SDE.EVSE_Public_Charging_Score_filtered,Polygon,vector,,NA,,
Streets,SDE,FeatureClass,Transportation,FeatureClass,F:\GIS\DB_CONNECT\Vector.sde\SDE.Transportation\SDE.Streets,Polyline,vector,,NA,,
Proposed_Ferry_Routes,SDE,FeatureClass,Transportation,FeatureClass,F:\GIS\DB_CONNECT\Vector.sde\SDE.Transportation\SDE.Proposed_Ferry_Routes,Polyline,vector,,As needed,Transportation,
Bicycle_Level_of_Traffic_Stress,SDE,FeatureClass,Transportation,FeatureClass,F:\GIS\DB_CONNECT\Vector.sde\SDE.Transportation\SDE.Bicycle_Level_of_Traffic_Stress,Polyline,vector,,NA,,
MajorHighways_QuarterMile_Buffer,SDE,FeatureClass,Transportation,FeatureClass,F:\GIS\DB_CONNECT\Vector.sde\SDE.Transportation\SDE.MajorHighways_QuarterMile_Buffer,Polygon,vector,,NA,,
Tahoe_Transit_Routes_Consolidated,SDE,FeatureClass,Transportation,FeatureClass,F:\GIS\DB_CONNECT\Vector.sde\SDE.Transportation\SDE.Tahoe_Transit_Routes_Consolidated,Polyline,vector,,NA,,
PAH_Buoys,SDE,FeatureClass,WaterQuality,FeatureClass,F:\GIS\DB_CONNECT\Vector.sde\SDE.WaterQuality\SDE.PAH_Buoys,Point,vector,,?,,
TRG_Buoys,SDE,FeatureClass,WaterQuality,FeatureClass,F:\GIS\DB_CONNECT\Vector.sde\SDE.WaterQuality\SDE.TRG_Buoys,Point,vector,,?,,
SourceWater,SDE,FeatureClass,WaterQuality,FeatureClass,F:\GIS\DB_CONNECT\Vector.sde\SDE.WaterQuality\SDE.SourceWater,Point,vector,,?,,
SourceWater_600Buff,SDE,FeatureClass,WaterQuality,FeatureClass,F:\GIS\DB_CONNECT\Vector.sde\SDE.WaterQuality\SDE.SourceWater_600Buff,Polygon,vector,,?,,
LTIMP_Monitoring_Sites,SDE,FeatureClass,WaterQuality,FeatureClass,F:\GIS\DB_CONNECT\Vector.sde\SDE.WaterQuality\SDE.LTIMP_Monitoring_Sites,Point,vector,,?,,
TMDL_Catchment,SDE,FeatureClass,WaterQuality,FeatureClass,F:\GIS\DB_CONNECT\Vector.sde\SDE.WaterQuality\SDE.TMDL_Catchment,Polygon,vector,,?,,
WatershedErosionPrediction_CurrentCondition_USFS,SDE,FeatureClass,WaterQuality,FeatureClass,F:\GIS\DB_CONNECT\Vector.sde\SDE.WaterQuality\SDE.WatershedErosionPrediction_CurrentCondition_USFS,Polygon,vector,,?,,
Water_Clarity,SDE,FeatureClass,Monitoring,FeatureClass,F:\GIS\DB_CONNECT\Vector.sde\SDE.Monitoring\SDE.Water_Clarity,Point,vector,,TVAL,Beth,
Air_Quality,SDE,FeatureClass,Monitoring,FeatureClass,F:\GIS\DB_CONNECT\Vector.sde\SDE.Monitoring\SDE.Air_Quality,Point,vector,,TVAL,Beth,
Periphyton,SDE,FeatureClass,Monitoring,FeatureClass,F:\GIS\DB_CONNECT\Vector.sde\SDE.Monitoring\SDE.Periphyton,Point,vector,,TVAL,Beth,
Plan_Area_Noise,SDE,FeatureClass,Monitoring,FeatureClass,F:\GIS\DB_CONNECT\Vector.sde\SDE.Monitoring\SDE.Plan_Area_Noise,Point,vector,,TVAL,Beth,
Shore_Noise,SDE,FeatureClass,Monitoring,FeatureClass,F:\GIS\DB_CONNECT\Vector.sde\SDE.Monitoring\SDE.Shore_Noise,Point,vector,,TVAL,Beth,
Stream,SDE,FeatureClass,Monitoring,FeatureClass,F:\GIS\DB_CONNECT\Vector.sde\SDE.Monitoring\SDE.Stream,Point,vector,,TVAL,Beth,
Transportation_Noise,SDE,FeatureClass,Monitoring,FeatureClass,F:\GIS\DB_CONNECT\Vector.sde\SDE.Monitoring\SDE.Transportation_Noise,Point,vector,,TVAL,Beth,
Yellow_Cress,SDE,FeatureClass,Monitoring,FeatureClass,F:\GIS\DB_CONNECT\Vector.sde\SDE.Monitoring\SDE.Yellow_Cress,Point,vector,,TVAL,Beth,
Lake_Clarity_Station,SDE,FeatureClass,Monitoring,FeatureClass,F:\GIS\DB_CONNECT\Vector.sde\SDE.Monitoring\SDE.Lake_Clarity_Station,Point,vector,,TVAL,Beth,
Inspection_Station,SDE,FeatureClass,Monitoring,FeatureClass,F:\GIS\DB_CONNECT\Vector.sde\SDE.Monitoring\SDE.Inspection_Station,Point,vector,,TVAL,Beth,
Periphyton_Monitoring_Sites,SDE,FeatureClass,Monitoring,FeatureClass,F:\GIS\DB_CONNECT\Vector.sde\SDE.Monitoring\SDE.Periphyton_Monitoring_Sites,Point,vector,,TVAL,Beth,
Clarity_Tracker_Project,SDE,FeatureClass,Monitoring,FeatureClass,F:\GIS\DB_CONNECT\Vector.sde\SDE.Monitoring\SDE.Clarity_Tracker_Project,Point,vector,,TVAL,Beth,
SEZ_Assessment_Unit,SDE,FeatureClass,Monitoring,FeatureClass,F:\GIS\DB_CONNECT\Vector.sde\SDE.Monitoring\SDE.SEZ_Assessment_Unit,Polygon,vector,,NA,,
PLSS,SDE,FeatureClass,Index,FeatureClass,F:\GIS\DB_CONNECT\Vector.sde\SDE.Index\SDE.PLSS,Polygon,vector,,NA,,
Template,SDE,FeatureClass,Index,FeatureClass,F:\GIS\DB_CONNECT\Vector.sde\SDE.Index\SDE.Template,Polygon,vector,,NA,,
Quads,SDE,FeatureClass,Index,FeatureClass,F:\GIS\DB_CONNECT\Vector.sde\SDE.Index\SDE.Quads,Polygon,vector,,NA,,
AssessorMapIndex_1987,SDE,FeatureClass,Index,FeatureClass,F:\GIS\DB_CONNECT\Vector.sde\SDE.Index\SDE.AssessorMapIndex_1987,Polygon,vector,,NA,,
IKONOS_Key,SDE,FeatureClass,Index,FeatureClass,F:\GIS\DB_CONNECT\Vector.sde\SDE.Index\SDE.IKONOS_Key,Polygon,vector,,NA,,
PASMap,SDE,FeatureClass,Index,FeatureClass,F:\GIS\DB_CONNECT\Vector.sde\SDE.Index\SDE.PASMap,Polygon,vector,,NA,,
AerialPhotoIndex_1971,SDE,FeatureClass,Index,FeatureClass,F:\GIS\DB_CONNECT\Vector.sde\SDE.Index\SDE.AerialPhotoIndex_1971,Polygon,vector,,NA,,
Index_Tesselation,SDE,FeatureClass,Index,FeatureClass,F:\GIS\DB_CONNECT\Vector.sde\SDE.Index\SDE.Index_Tesselation,Polygon,vector,,NA,,
EarthquakeFaults,SDE,FeatureClass,Geology,FeatureClass,F:\GIS\DB_CONNECT\Vector.sde\SDE.Geology\SDE.EarthquakeFaults,Polyline,vector,,NA,,
USCensusTracts_withAssessedValues,SDE,FeatureClass,National,FeatureClass,F:\GIS\DB_CONNECT\Vector.sde\SDE.National\SDE.USCensusTracts_withAssessedValues,Polygon,vector,,10 Years,,
CongressionalDistricts_withAssessedValues,SDE,FeatureClass,National,FeatureClass,F:\GIS\DB_CONNECT\Vector.sde\SDE.National\SDE.CongressionalDistricts_withAssessedValues,Polygon,vector,,10 Years,,
Layers_with_Descriptions,SDE,Table,,Table,F:\GIS\DB_CONNECT\Collection.sde\SDE.Layers_with_Descriptions,,collect,,NA,,
RTP_All_Projects_Polygon_Comments_Table,SDE,Table,,Table,F:\GIS\DB_CONNECT\Collection.sde\SDE.RTP_All_Projects_Polygon_Comments_Table,,collect,,NA,,
Trail_Polling_Comments,SDE,Table,,Table,F:\GIS\DB_CONNECT\Collection.sde\SDE.Trail_Polling_Comments,,collect,,NA,,
Falcon_Observation,SDE,Table,,Table,F:\GIS\DB_CONNECT\Collection.sde\SDE.Falcon_Observation,,collect,,Data Collection,Beth,
Falcon_Site__ATTACH,SDE,Table,,Table,F:\GIS\DB_CONNECT\Collection.sde\SDE.Falcon_Site__ATTACH,,collect,,NA,,
Osprey_Nest_Photo__ATTACH,SDE,Table,,Table,F:\GIS\DB_CONNECT\Collection.sde\SDE.Osprey_Nest_Photo__ATTACH,,collect,,NA,,
sez_channel_incision__ATTACH,SDE,Table,,Table,F:\GIS\DB_CONNECT\Collection.sde\SDE.sez_channel_incision__ATTACH,,collect,,NA,,
sez_invasive_plant__ATTACH,SDE,Table,,Table,F:\GIS\DB_CONNECT\Collection.sde\SDE.sez_invasive_plant__ATTACH,,collect,,NA,,
sez_photos__ATTACH,SDE,Table,,Table,F:\GIS\DB_CONNECT\Collection.sde\SDE.sez_photos__ATTACH,,collect,,NA,,
sez_stream_headcut__ATTACH,SDE,Table,,Table,F:\GIS\DB_CONNECT\Collection.sde\SDE.sez_stream_headcut__ATTACH,,collect,,NA,,
SEZ_Photo_2022__ATTACH,SDE,Table,,Table,F:\GIS\DB_CONNECT\Collection.sde\SDE.SEZ_Photo_2022__ATTACH,,collect,,NA,,
Stream_Erosion__ATTACH,SDE,Table,,Table,F:\GIS\DB_CONNECT\Collection.sde\SDE.Stream_Erosion__ATTACH,,collect,,NA,,
Noise_Photo__ATTACH,SDE,Table,,Table,F:\GIS\DB_CONNECT\Collection.sde\SDE.Noise_Photo__ATTACH,,collect,,NA,,
StreamBio_Photo__ATTACH,SDE,Table,,Table,F:\GIS\DB_CONNECT\Collection.sde\SDE.StreamBio_Photo__ATTACH,,collect,,NA,,
Scenic_Photo_Point__ATTACH,SDE,Table,,Table,F:\GIS\DB_CONNECT\Collection.sde\SDE.Scenic_Photo_Point__ATTACH,,collect,,NA,,
Stream_CSCI_RawScore,SDE,Table,,Table,F:\GIS\DB_CONNECT\Collection.sde\SDE.Stream_CSCI_RawScore,,collect,,Annual,Beth,Yes
Mooring_Info,SDE,Table,,Table,F:\GIS\DB_CONNECT\Collection.sde\SDE.Mooring_Info,,collect,,NA,,
Mooring_Tag,SDE,Table,,Table,F:\GIS\DB_CONNECT\Collection.sde\SDE.Mooring_Tag,,collect,,NA,,
Mooring__ATTACH,SDE,Table,,Table,F:\GIS\DB_CONNECT\Collection.sde\SDE.Mooring__ATTACH,,collect,,NA,,
eDNA_Sample__ATTACH,SDE,Table,,Table,F:\GIS\DB_CONNECT\Collection.sde\SDE.eDNA_Sample__ATTACH,,collect,,NA,,
Osprey_Nest_Location__ATTACH,SDE,Table,,Table,F:\GIS\DB_CONNECT\Collection.sde\SDE.Osprey_Nest_Location__ATTACH,,collect,,NA,,
AccessoryDwellingUnit,SDE,Table,,Table,F:\GIS\DB_CONNECT\Collection.sde\SDE.AccessoryDwellingUnit,,collect,,?,,
ResidentialBonusUnit,SDE,Table,,Table,F:\GIS\DB_CONNECT\Collection.sde\SDE.ResidentialBonusUnit,,collect,,?,,
Bioassessment_sites_2023__ATTACH,SDE,Table,,Table,F:\GIS\DB_CONNECT\Collection.sde\SDE.Bioassessment_sites_2023__ATTACH,,collect,,NA,,
TTD_SMART_VRU_Counts_All,SDE,Table,,Table,F:\GIS\DB_CONNECT\Collection.sde\SDE.TTD_SMART_VRU_Counts_All,,collect,,Weekly?,Andy,Yes
TTD_SMART_Vehicle_Counts_All,SDE,Table,,Table,F:\GIS\DB_CONNECT\Collection.sde\SDE.TTD_SMART_Vehicle_Counts_All,,collect,,Weekly?,Andy,Yes
TTD_SMART_Speed_All,SDE,Table,,Table,F:\GIS\DB_CONNECT\Collection.sde\SDE.TTD_SMART_Speed_All,,collect,,Weekly?,Andy,Yes
TTD_SMART_Safety_Insights,SDE,Table,,Table,F:\GIS\DB_CONNECT\Collection.sde\SDE.TTD_SMART_Safety_Insights,,collect,,Weekly?,Andy,Yes
Parcel_Permit_Review_Attributes,SDE,Table,,Table,F:\GIS\DB_CONNECT\Collection.sde\SDE.Parcel_Permit_Review_Attributes,,collect,,?,,
Parcel_Soil_Type,SDE,Table,,Table,F:\GIS\DB_CONNECT\Collection.sde\SDE.Parcel_Soil_Type,,collect,,?,,
TTD_SMART_TrafficCameraLocations__ATTACH,SDE,Table,,Table,F:\GIS\DB_CONNECT\Collection.sde\SDE.TTD_SMART_TrafficCameraLocations__ATTACH,,collect,,NA,,
TTD_SMART_Daily_Vehicle_Counts,SDE,Table,,Table,F:\GIS\DB_CONNECT\Collection.sde\SDE.TTD_SMART_Daily_Vehicle_Counts,,collect,,Weekly?,Andy,Yes
SDE_compress_log,sde,Table,,Table,F:\GIS\DB_CONNECT\Collection.sde\sde.SDE_compress_log,,collect,,NA,,
Sites_2023,SDE,FeatureClass,,FeatureClass,F:\GIS\DB_CONNECT\Collection.sde\SDE.Sites_2023,Polygon,collect,,NA,,
eDNA_Sample,SDE,FeatureClass,,FeatureClass,F:\GIS\DB_CONNECT\Collection.sde\SDE.eDNA_Sample,Point,collect,,NA,,
Bioassessment_sites_2023_H,SDE,FeatureClass,,FeatureClass,F:\GIS\DB_CONNECT\Collection.sde\SDE.Bioassessment_sites_2023_H,Point,collect,,NA,,
LCV_Backshore_Boundary,SDE,FeatureClass,LandCapabilityWebApp,FeatureClass,F:\GIS\DB_CONNECT\Collection.sde\SDE.LandCapabilityWebApp\SDE.LCV_Backshore_Boundary,Polyline,collect,,As needed,Planning,
LCV_Setback,SDE,FeatureClass,LandCapabilityWebApp,FeatureClass,F:\GIS\DB_CONNECT\Collection.sde\SDE.LandCapabilityWebApp\SDE.LCV_Setback,Polyline,collect,,As needed,Planning,
Land_Capability_Verification,SDE,FeatureClass,LandCapabilityWebApp,FeatureClass,F:\GIS\DB_CONNECT\Collection.sde\SDE.LandCapabilityWebApp\SDE.Land_Capability_Verification,Polygon,collect,,As needed,Planning,
RTP_All_Projects_Polygon,SDE,FeatureClass,RTP_Web_Map,FeatureClass,F:\GIS\DB_CONNECT\Collection.sde\SDE.RTP_Web_Map\SDE.RTP_All_Projects_Polygon,Polygon,collect,,As needed,Planning,
Parcel_Accela_Master,SDE,FeatureClass,Parcel,FeatureClass,F:\GIS\DB_CONNECT\Collection.sde\SDE.Parcel\SDE.Parcel_Accela_Master,Point,collect,,,,
Parcel_Accela_APO,SDE,FeatureClass,Parcel,FeatureClass,F:\GIS\DB_CONNECT\Collection.sde\SDE.Parcel\SDE.Parcel_Accela_APO,Point,collect,,,,
Parcel_Accela_Owner,SDE,FeatureClass,Parcel,FeatureClass,F:\GIS\DB_CONNECT\Collection.sde\SDE.Parcel\SDE.Parcel_Accela_Owner,Point,collect,,,,
Parcel_Accela_Address_ID,SDE,FeatureClass,Parcel,FeatureClass,F:\GIS\DB_CONNECT\Collection.sde\SDE.Parcel\SDE.Parcel_Accela_Address_ID,Point,collect,,,,
Parcel_Accela_Address,SDE,FeatureClass,Parcel,FeatureClass,F:\GIS\DB_CONNECT\Collection.sde\SDE.Parcel\SDE.Parcel_Accela_Address,Point,collect,,,,
Parcel_LTinfo_LCV,SDE,FeatureClass,Parcel,FeatureClass,F:\GIS\DB_CONNECT\Collection.sde\SDE.Parcel\SDE.Parcel_LTinfo_LCV,Polygon,collect,,,,
Parcel_Accela_GradingExceptions,SDE,FeatureClass,Parcel,FeatureClass,F:\GIS\DB_CONNECT\Collection.sde\SDE.Parcel\SDE.Parcel_Accela_GradingExceptions,Polygon,collect,,,,
Parcel_Accela_Historic,SDE,FeatureClass,Parcel,FeatureClass,F:\GIS\DB_CONNECT\Collection.sde\SDE.Parcel\SDE.Parcel_Accela_Historic,Polygon,collect,,,,
Parcel_Accela_LandCapabilityVerification,SDE,FeatureClass,Parcel,FeatureClass,F:\GIS\DB_CONNECT\Collection.sde\SDE.Parcel\SDE.Parcel_Accela_LandCapabilityVerification,Polygon,collect,,,,
Parcel_Accela_LCV_Challenge,SDE,FeatureClass,Parcel,FeatureClass,F:\GIS\DB_CONNECT\Collection.sde\SDE.Parcel\SDE.Parcel_Accela_LCV_Challenge,Polygon,collect,,,,
Parcel_Accela_SoilsHydro,SDE,FeatureClass,Parcel,FeatureClass,F:\GIS\DB_CONNECT\Collection.sde\SDE.Parcel\SDE.Parcel_Accela_SoilsHydro,Polygon,collect,,,,
Parcel_BMP,SDE,FeatureClass,Parcel,FeatureClass,F:\GIS\DB_CONNECT\Collection.sde\SDE.Parcel\SDE.Parcel_BMP,Polygon,collect,,,,
Parcel_LTinfo,SDE,FeatureClass,Parcel,FeatureClass,F:\GIS\DB_CONNECT\Collection.sde\SDE.Parcel\SDE.Parcel_LTinfo,Polygon,collect,,,,
Parcel_LTinfo_DeedRestriction,SDE,FeatureClass,Parcel,FeatureClass,F:\GIS\DB_CONNECT\Collection.sde\SDE.Parcel\SDE.Parcel_LTinfo_DeedRestriction,Polygon,collect,,,,
Parcel_LTinfo_DevelopmentRight_Banked,SDE,FeatureClass,Parcel,FeatureClass,F:\GIS\DB_CONNECT\Collection.sde\SDE.Parcel\SDE.Parcel_LTinfo_DevelopmentRight_Banked,Polygon,collect,,,,
Parcel_LTinfo_DevelopmentRight_Transacted_Banked,SDE,FeatureClass,Parcel,FeatureClass,F:\GIS\DB_CONNECT\Collection.sde\SDE.Parcel\SDE.Parcel_LTinfo_DevelopmentRight_Transacted_Banked,Polygon,collect,,,,
Parcel_LTinfo_IPES,SDE,FeatureClass,Parcel,FeatureClass,F:\GIS\DB_CONNECT\Collection.sde\SDE.Parcel\SDE.Parcel_LTinfo_IPES,Polygon,collect,,,,
Parcel_VHR,SDE,FeatureClass,Parcel,FeatureClass,F:\GIS\DB_CONNECT\Collection.sde\SDE.Parcel\SDE.Parcel_VHR,Polygon,collect,,,,
Parcel_Securities,SDE,FeatureClass,Parcel,FeatureClass,F:\GIS\DB_CONNECT\Collection.sde\SDE.Parcel\SDE.Parcel_Securities,Polygon,collect,,,,
Parcel_Development_Right_Transfer,SDE,FeatureClass,Parcel,FeatureClass,F:\GIS\DB_CONNECT\Collection.sde\SDE.Parcel\SDE.Parcel_Development_Right_Transfer,Polygon,collect,,,,
Parcel_Reporting_RBU,SDE,FeatureClass,Parcel,FeatureClass,F:\GIS\DB_CONNECT\Collection.sde\SDE.Parcel\SDE.Parcel_Reporting_RBU,Polygon,collect,,,,
Parcel_Reporting_ADU,SDE,FeatureClass,Parcel,FeatureClass,F:\GIS\DB_CONNECT\Collection.sde\SDE.Parcel\SDE.Parcel_Reporting_ADU,Polygon,collect,,,,
Parcels_USFS_LTBMU,SDE,FeatureClass,Parcel,FeatureClass,F:\GIS\DB_CONNECT\Collection.sde\SDE.Parcel\SDE.Parcels_USFS_LTBMU,Polygon,collect,,,,
Falcon_Site,SDE,FeatureClass,Survey,FeatureClass,F:\GIS\DB_CONNECT\Collection.sde\SDE.Survey\SDE.Falcon_Site,Point,collect,,,,
Noise_Photo,SDE,FeatureClass,Survey,FeatureClass,F:\GIS\DB_CONNECT\Collection.sde\SDE.Survey\SDE.Noise_Photo,Point,collect,,,,
Noise_Site,SDE,FeatureClass,Survey,FeatureClass,F:\GIS\DB_CONNECT\Collection.sde\SDE.Survey\SDE.Noise_Site,Point,collect,,,,
StreamBio_Site,SDE,FeatureClass,Survey,FeatureClass,F:\GIS\DB_CONNECT\Collection.sde\SDE.Survey\SDE.StreamBio_Site,Point,collect,,,,
EarthDay_Survey_2022,SDE,FeatureClass,Survey,FeatureClass,F:\GIS\DB_CONNECT\Collection.sde\SDE.Survey\SDE.EarthDay_Survey_2022,Point,collect,,,,
Osprey_Nest,SDE,FeatureClass,Survey,FeatureClass,F:\GIS\DB_CONNECT\Collection.sde\SDE.Survey\SDE.Osprey_Nest,Point,collect,,,,
Osprey_Nest_Photo,SDE,FeatureClass,Survey,FeatureClass,F:\GIS\DB_CONNECT\Collection.sde\SDE.Survey\SDE.Osprey_Nest_Photo,Point,collect,,,,
Osprey_Nest_Location,SDE,FeatureClass,Survey,FeatureClass,F:\GIS\DB_CONNECT\Collection.sde\SDE.Survey\SDE.Osprey_Nest_Location,Point,collect,,,,
sez_survey,SDE,FeatureClass,Survey,FeatureClass,F:\GIS\DB_CONNECT\Collection.sde\SDE.Survey\SDE.sez_survey,Point,collect,,,,
sez_channel_incision,SDE,FeatureClass,Survey,FeatureClass,F:\GIS\DB_CONNECT\Collection.sde\SDE.Survey\SDE.sez_channel_incision,Point,collect,,,,
sez_invasive_plant,SDE,FeatureClass,Survey,FeatureClass,F:\GIS\DB_CONNECT\Collection.sde\SDE.Survey\SDE.sez_invasive_plant,Point,collect,,,,
sez_photos,SDE,FeatureClass,Survey,FeatureClass,F:\GIS\DB_CONNECT\Collection.sde\SDE.Survey\SDE.sez_photos,Point,collect,,,,
sez_stream_headcut,SDE,FeatureClass,Survey,FeatureClass,F:\GIS\DB_CONNECT\Collection.sde\SDE.Survey\SDE.sez_stream_headcut,Point,collect,,,,
Stream_Erosion,SDE,FeatureClass,Survey,FeatureClass,F:\GIS\DB_CONNECT\Collection.sde\SDE.Survey\SDE.Stream_Erosion,Polyline,collect,,,,
NoiseMonitoring_Locations_2023,SDE,FeatureClass,Survey,FeatureClass,F:\GIS\DB_CONNECT\Collection.sde\SDE.Survey\SDE.NoiseMonitoring_Locations_2023,Point,collect,,,,
StreamBio_Photo,SDE,FeatureClass,Survey,FeatureClass,F:\GIS\DB_CONNECT\Collection.sde\SDE.Survey\SDE.StreamBio_Photo,Point,collect,,,,
Bioassessment_sites_2023,SDE,FeatureClass,Survey,FeatureClass,F:\GIS\DB_CONNECT\Collection.sde\SDE.Survey\SDE.Bioassessment_sites_2023,Point,collect,,,,
Streams_in_watershed,SDE,FeatureClass,Survey,FeatureClass,F:\GIS\DB_CONNECT\Collection.sde\SDE.Survey\SDE.Streams_in_watershed,Polyline,collect,,,,
Noise_Monitoring_Locations,SDE,FeatureClass,Survey,FeatureClass,F:\GIS\DB_CONNECT\Collection.sde\SDE.Survey\SDE.Noise_Monitoring_Locations,Point,collect,,,,
Mooring,SDE,FeatureClass,Moorings,FeatureClass,F:\GIS\DB_CONNECT\Collection.sde\SDE.Moorings\SDE.Mooring,Point,collect,,,,
MooringSurveyZone,SDE,FeatureClass,Moorings,FeatureClass,F:\GIS\DB_CONNECT\Collection.sde\SDE.Moorings\SDE.MooringSurveyZone,Polygon,collect,,,,
Project_Area_Parcels,SDE,FeatureClass,MountainToMarinaProject,FeatureClass,F:\GIS\DB_CONNECT\Collection.sde\SDE.MountainToMarinaProject\SDE.Project_Area_Parcels,Polygon,collect,,,,
Project_Feedback,SDE,FeatureClass,MountainToMarinaProject,FeatureClass,F:\GIS\DB_CONNECT\Collection.sde\SDE.MountainToMarinaProject\SDE.Project_Feedback,Polygon,collect,,,,
Mountain_to_Marina_Project_Boundary,SDE,FeatureClass,MountainToMarinaProject,FeatureClass,F:\GIS\DB_CONNECT\Collection.sde\SDE.MountainToMarinaProject\SDE.Mountain_to_Marina_Project_Boundary,Polygon,collect,,,,
Basins,SDE,FeatureClass,MountainToMarinaProject,FeatureClass,F:\GIS\DB_CONNECT\Collection.sde\SDE.MountainToMarinaProject\SDE.Basins,Polygon,collect,,,,
Drainage_Inlet,SDE,FeatureClass,MountainToMarinaProject,FeatureClass,F:\GIS\DB_CONNECT\Collection.sde\SDE.MountainToMarinaProject\SDE.Drainage_Inlet,Point,collect,,,,
Pipes,SDE,FeatureClass,MountainToMarinaProject,FeatureClass,F:\GIS\DB_CONNECT\Collection.sde\SDE.MountainToMarinaProject\SDE.Pipes,Polyline,collect,,,,
Stream_Restoration_Point_Edit,SDE,FeatureClass,LakeTahoeWest,FeatureClass,F:\GIS\DB_CONNECT\Collection.sde\SDE.LakeTahoeWest\SDE.Stream_Restoration_Point_Edit,Point,collect,,,,
Stream_Restoration_Polygon_Edit,SDE,FeatureClass,LakeTahoeWest,FeatureClass,F:\GIS\DB_CONNECT\Collection.sde\SDE.LakeTahoeWest\SDE.Stream_Restoration_Polygon_Edit,Polygon,collect,,,,
ProposedAction_Units,SDE,FeatureClass,LakeTahoeWest,FeatureClass,F:\GIS\DB_CONNECT\Collection.sde\SDE.LakeTahoeWest\SDE.ProposedAction_Units,Polygon,collect,,,,
ProposedAction_Analysis,SDE,FeatureClass,LakeTahoeWest,FeatureClass,F:\GIS\DB_CONNECT\Collection.sde\SDE.LakeTahoeWest\SDE.ProposedAction_Analysis,Polygon,collect,,,,
EIP_Clarity_Tracker_Projects,SDE,FeatureClass,LTInfo,FeatureClass,F:\GIS\DB_CONNECT\Collection.sde\SDE.LTInfo\SDE.EIP_Clarity_Tracker_Projects,Polygon,collect,,,,
LakeClarityProjects,SDE,FeatureClass,LTInfo,FeatureClass,F:\GIS\DB_CONNECT\Collection.sde\SDE.LTInfo\SDE.LakeClarityProjects,Point,collect,,,,
Calcium_Survey,SDE,FeatureClass,Calcium_Survey,FeatureClass,F:\GIS\DB_CONNECT\Collection.sde\SDE.Calcium_Survey\SDE.Calcium_Survey,Point,collect,,,,
Calcium_Sites,SDE,FeatureClass,Calcium_Survey,FeatureClass,F:\GIS\DB_CONNECT\Collection.sde\SDE.Calcium_Survey\SDE.Calcium_Sites,Point,collect,,,,
Identity_TRPABoundary_County_CSLT,SDE,FeatureClass,Planning,FeatureClass,F:\GIS\DB_CONNECT\Collection.sde\SDE.Planning\SDE.Identity_TRPABoundary_County_CSLT,Polygon,collect,,,,
TRPABoundary_County_CSLT,SDE,FeatureClass,Planning,FeatureClass,F:\GIS\DB_CONNECT\Collection.sde\SDE.Planning\SDE.TRPABoundary_County_CSLT,Polygon,collect,,,,
OverlayAnalysis_Parcel_NRCS_Coverage_BonusUnit,SDE,FeatureClass,Planning,FeatureClass,F:\GIS\DB_CONNECT\Collection.sde\SDE.Planning\SDE.OverlayAnalysis_Parcel_NRCS_Coverage_BonusUnit,Polygon,collect,,,,
Trails_Intercept_Survey_2021,SDE,FeatureClass,Recreation_Survey,FeatureClass,F:\GIS\DB_CONNECT\Collection.sde\SDE.Recreation_Survey\SDE.Trails_Intercept_Survey_2021,Point,collect,,,,
Trails_Survey_Location_2021,SDE,FeatureClass,Recreation_Survey,FeatureClass,F:\GIS\DB_CONNECT\Collection.sde\SDE.Recreation_Survey\SDE.Trails_Survey_Location_2021,Point,collect,,,,
Trails_Online_Survey,SDE,FeatureClass,Recreation_Survey,FeatureClass,F:\GIS\DB_CONNECT\Collection.sde\SDE.Recreation_Survey\SDE.Trails_Online_Survey,Point,collect,,,,
Trails_Online_Survey_Trailheads,SDE,FeatureClass,Recreation_Survey,FeatureClass,F:\GIS\DB_CONNECT\Collection.sde\SDE.Recreation_Survey\SDE.Trails_Online_Survey_Trailheads,Point,collect,,,,
Trails_Online_Survey_Spanish,SDE,FeatureClass,Recreation_Survey,FeatureClass,F:\GIS\DB_CONNECT\Collection.sde\SDE.Recreation_Survey\SDE.Trails_Online_Survey_Spanish,Point,collect,,,,
Trails_Survey_Spanish_Trailheads,SDE,FeatureClass,Recreation_Survey,FeatureClass,F:\GIS\DB_CONNECT\Collection.sde\SDE.Recreation_Survey\SDE.Trails_Survey_Spanish_Trailheads,Point,collect,,,,
AIS_Boating_Survey,SDE,FeatureClass,AIS_Boating_Survey,FeatureClass,F:\GIS\DB_CONNECT\Collection.sde\SDE.AIS_Boating_Survey\SDE.AIS_Boating_Survey,Point,collect,,,,
Active_Transportation_Survey,SDE,FeatureClass,Transportation,FeatureClass,F:\GIS\DB_CONNECT\Collection.sde\SDE.Transportation\SDE.Active_Transportation_Survey,Point,collect,,,,
Specific_location_feedback,SDE,FeatureClass,Transportation,FeatureClass,F:\GIS\DB_CONNECT\Collection.sde\SDE.Transportation\SDE.Specific_location_feedback,Point,collect,,,,
Channel_Incision_2022,SDE,FeatureClass,SEZ_Survey_Map,FeatureClass,F:\GIS\DB_CONNECT\Collection.sde\SDE.SEZ_Survey_Map\SDE.Channel_Incision_2022,Point,collect,,,,
Channel_Incision_2020,SDE,FeatureClass,SEZ_Survey_Map,FeatureClass,F:\GIS\DB_CONNECT\Collection.sde\SDE.SEZ_Survey_Map\SDE.Channel_Incision_2020,Point,collect,,,,
Channel_Incision_2019,SDE,FeatureClass,SEZ_Survey_Map,FeatureClass,F:\GIS\DB_CONNECT\Collection.sde\SDE.SEZ_Survey_Map\SDE.Channel_Incision_2019,Point,collect,,,,
Stream_Headcut_2022,SDE,FeatureClass,SEZ_Survey_Map,FeatureClass,F:\GIS\DB_CONNECT\Collection.sde\SDE.SEZ_Survey_Map\SDE.Stream_Headcut_2022,Point,collect,,,,
Stream_Headcut_2020,SDE,FeatureClass,SEZ_Survey_Map,FeatureClass,F:\GIS\DB_CONNECT\Collection.sde\SDE.SEZ_Survey_Map\SDE.Stream_Headcut_2020,Point,collect,,,,
Stream_Headcut_2019,SDE,FeatureClass,SEZ_Survey_Map,FeatureClass,F:\GIS\DB_CONNECT\Collection.sde\SDE.SEZ_Survey_Map\SDE.Stream_Headcut_2019,Point,collect,,,,
SEZ_Photo_2022,SDE,FeatureClass,SEZ_Survey_Map,FeatureClass,F:\GIS\DB_CONNECT\Collection.sde\SDE.SEZ_Survey_Map\SDE.SEZ_Photo_2022,Point,collect,,,,
SEZ_Photo_2020,SDE,FeatureClass,SEZ_Survey_Map,FeatureClass,F:\GIS\DB_CONNECT\Collection.sde\SDE.SEZ_Survey_Map\SDE.SEZ_Photo_2020,Point,collect,,,,
SEZ_Photo_2019,SDE,FeatureClass,SEZ_Survey_Map,FeatureClass,F:\GIS\DB_CONNECT\Collection.sde\SDE.SEZ_Survey_Map\SDE.SEZ_Photo_2019,Point,collect,,,,
Invasive_Species_2022,SDE,FeatureClass,SEZ_Survey_Map,FeatureClass,F:\GIS\DB_CONNECT\Collection.sde\SDE.SEZ_Survey_Map\SDE.Invasive_Species_2022,Point,collect,,,,
Invasive_Species_2020,SDE,FeatureClass,SEZ_Survey_Map,FeatureClass,F:\GIS\DB_CONNECT\Collection.sde\SDE.SEZ_Survey_Map\SDE.Invasive_Species_2020,Point,collect,,,,
Invasive_Species_2019,SDE,FeatureClass,SEZ_Survey_Map,FeatureClass,F:\GIS\DB_CONNECT\Collection.sde\SDE.SEZ_Survey_Map\SDE.Invasive_Species_2019,Point,collect,,,,
Stream_Erosion_Final_2022,SDE,FeatureClass,SEZ_Survey_Map,FeatureClass,F:\GIS\DB_CONNECT\Collection.sde\SDE.SEZ_Survey_Map\SDE.Stream_Erosion_Final_2022,Polyline,collect,,,,
Streambank_Erosion_2020,SDE,FeatureClass,SEZ_Survey_Map,FeatureClass,F:\GIS\DB_CONNECT\Collection.sde\SDE.SEZ_Survey_Map\SDE.Streambank_Erosion_2020,Polyline,collect,,,,
Streambank_Erosion_2019,SDE,FeatureClass,SEZ_Survey_Map,FeatureClass,F:\GIS\DB_CONNECT\Collection.sde\SDE.SEZ_Survey_Map\SDE.Streambank_Erosion_2019,Polyline,collect,,,,
SEZ_Assessment_Unit,SDE,FeatureClass,SEZ_Survey_Map,FeatureClass,F:\GIS\DB_CONNECT\Collection.sde\SDE.SEZ_Survey_Map\SDE.SEZ_Assessment_Unit,Polygon,collect,,,,
SEZAssessmentUnits_Target_2024,SDE,FeatureClass,SEZ_Survey_Map,FeatureClass,F:\GIS\DB_CONNECT\Collection.sde\SDE.SEZ_Survey_Map\SDE.SEZAssessmentUnits_Target_2024,Polygon,collect,,,,
LTBMU_2023_Treated_Invasives,SDE,FeatureClass,SEZ_Survey_Map,FeatureClass,F:\GIS\DB_CONNECT\Collection.sde\SDE.SEZ_Survey_Map\SDE.LTBMU_2023_Treated_Invasives,Polygon,collect,,,,
LTBMU_2023_Infestations_Invasives,SDE,FeatureClass,SEZ_Survey_Map,FeatureClass,F:\GIS\DB_CONNECT\Collection.sde\SDE.SEZ_Survey_Map\SDE.LTBMU_2023_Infestations_Invasives,Polygon,collect,,,,
SEZAssessmentUnits_Target_2025,SDE,FeatureClass,SEZ_Survey_Map,FeatureClass,F:\GIS\DB_CONNECT\Collection.sde\SDE.SEZ_Survey_Map\SDE.SEZAssessmentUnits_Target_2025,Polygon,collect,,,,
Scenic_Photo_Point,SDE,FeatureClass,Scenic,FeatureClass,F:\GIS\DB_CONNECT\Collection.sde\SDE.Scenic\SDE.Scenic_Photo_Point,Point,collect,,,,
TTD_SMART_TrafficCameraLocations,SDE,FeatureClass,Transportation_Planning,FeatureClass,F:\GIS\DB_CONNECT\Collection.sde\SDE.Transportation_Planning\SDE.TTD_SMART_TrafficCameraLocations,Point,collect,,,,
tahoe_yellow_cress_surveys,SDE,Table,,Table,F:\GIS\DB_CONNECT\Tabular.sde\SDE.tahoe_yellow_cress_surveys,,tabular,,,,
limebike_pilot_2017,SDE,Table,,Table,F:\GIS\DB_CONNECT\Tabular.sde\SDE.limebike_pilot_2017,,tabular,,,,
secchi_measurements,SDE,Table,,Table,F:\GIS\DB_CONNECT\Tabular.sde\SDE.secchi_measurements,,tabular,,,,
LandUseCode,SDE,Table,,Table,F:\GIS\DB_CONNECT\Tabular.sde\SDE.LandUseCode,,tabular,,,,
LocalPlan_URL,SDE,Table,,Table,F:\GIS\DB_CONNECT\Tabular.sde\SDE.LocalPlan_URL,,tabular,,,,
secchi_full_dataset,SDE,Table,,Table,F:\GIS\DB_CONNECT\Tabular.sde\SDE.secchi_full_dataset,,tabular,,,,
secchi_summarized,SDE,Table,,Table,F:\GIS\DB_CONNECT\Tabular.sde\SDE.secchi_summarized,,tabular,,,,
Tables_with_Descriptions,SDE,Table,,Table,F:\GIS\DB_CONNECT\Tabular.sde\SDE.Tables_with_Descriptions,,tabular,,,,
Air_Quality,SDE,Table,,Table,F:\GIS\DB_CONNECT\Tabular.sde\SDE.Air_Quality,,tabular,,,,
Congestion,SDE,Table,,Table,F:\GIS\DB_CONNECT\Tabular.sde\SDE.Congestion,,tabular,,,,
Periphyton,SDE,Table,,Table,F:\GIS\DB_CONNECT\Tabular.sde\SDE.Periphyton,,tabular,,,,
Scenic_Corridor,SDE,Table,,Table,F:\GIS\DB_CONNECT\Tabular.sde\SDE.Scenic_Corridor,,tabular,,,,
Scenic_Viewpoint_OLD,SDE,Table,,Table,F:\GIS\DB_CONNECT\Tabular.sde\SDE.Scenic_Viewpoint_OLD,,tabular,,,,
NRCS_2007_Soil_Survey,SDE,Table,,Table,F:\GIS\DB_CONNECT\Tabular.sde\SDE.NRCS_2007_Soil_Survey,,tabular,,,,
Mooring_Permit_History,SDE,Table,,Table,F:\GIS\DB_CONNECT\Tabular.sde\SDE.Mooring_Permit_History,,tabular,,,,
TBLFish_Habitat,SDE,Table,,Table,F:\GIS\DB_CONNECT\Tabular.sde\SDE.TBLFish_Habitat,,tabular,,,,
bike_ped_counter_tabular,SDE,Table,,Table,F:\GIS\DB_CONNECT\Tabular.sde\SDE.bike_ped_counter_tabular,,tabular,,,,
StateLands,SDE,Table,,Table,F:\GIS\DB_CONNECT\Tabular.sde\SDE.StateLands,,tabular,,,,
ThresholdEvaluation_TahoeYellowCress,SDE,Table,,Table,F:\GIS\DB_CONNECT\Tabular.sde\SDE.ThresholdEvaluation_TahoeYellowCress,,tabular,,,,
ThresholdEvaluation_Wildlife,SDE,Table,,Table,F:\GIS\DB_CONNECT\Tabular.sde\SDE.ThresholdEvaluation_Wildlife,,tabular,,,,
ThresholdEvaluation_Waterfowl,SDE,Table,,Table,F:\GIS\DB_CONNECT\Tabular.sde\SDE.ThresholdEvaluation_Waterfowl,,tabular,,,,
PermissibleUses,SDE,Table,,Table,F:\GIS\DB_CONNECT\Tabular.sde\SDE.PermissibleUses,,tabular,,,,
ThresholdEvaluation_PlanAreaNoise,SDE,Table,,Table,F:\GIS\DB_CONNECT\Tabular.sde\SDE.ThresholdEvaluation_PlanAreaNoise,,tabular,,,,
ThresholdEvaluation_ShoreNoise,SDE,Table,,Table,F:\GIS\DB_CONNECT\Tabular.sde\SDE.ThresholdEvaluation_ShoreNoise,,tabular,,,,
ThresholdEvaluation_WinterTrafficVolume,SDE,Table,,Table,F:\GIS\DB_CONNECT\Tabular.sde\SDE.ThresholdEvaluation_WinterTrafficVolume,,tabular,,,,
ThresholdEvaluation_NOX_Emissions,SDE,Table,,Table,F:\GIS\DB_CONNECT\Tabular.sde\SDE.ThresholdEvaluation_NOX_Emissions,,tabular,,,,
ThresholdEvaluation_MidLake_DissolvedNitrogen,SDE,Table,,Table,F:\GIS\DB_CONNECT\Tabular.sde\SDE.ThresholdEvaluation_MidLake_DissolvedNitrogen,,tabular,,,,
ThresholdEvaluation_Stream_CSCI_Index,SDE,Table,,Table,F:\GIS\DB_CONNECT\Tabular.sde\SDE.ThresholdEvaluation_Stream_CSCI_Index,,tabular,,,,
ThresholdEvaluation_Stream_Status,SDE,Table,,Table,F:\GIS\DB_CONNECT\Tabular.sde\SDE.ThresholdEvaluation_Stream_Status,,tabular,,,,
Validated_Owners,SDE,Table,,Table,F:\GIS\DB_CONNECT\Tabular.sde\SDE.Validated_Owners,,tabular,,,,
ThresholdEvaluation_VEC_Historical,SDE,Table,,Table,F:\GIS\DB_CONNECT\Tabular.sde\SDE.ThresholdEvaluation_VEC_Historical,,tabular,,,,
ThresholdEvaluation_LoadReduction_FineSediment,SDE,Table,,Table,F:\GIS\DB_CONNECT\Tabular.sde\SDE.ThresholdEvaluation_LoadReduction_FineSediment,,tabular,,,,
ThresholdEvaluation_LoadReduction_Nitrogen,SDE,Table,,Table,F:\GIS\DB_CONNECT\Tabular.sde\SDE.ThresholdEvaluation_LoadReduction_Nitrogen,,tabular,,,,
ThresholdEvaluation_LoadReduction_Phosphorous,SDE,Table,,Table,F:\GIS\DB_CONNECT\Tabular.sde\SDE.ThresholdEvaluation_LoadReduction_Phosphorous,,tabular,,,,
ThresholdEvaluation_SuspendedSediment_Concentration,SDE,Table,,Table,F:\GIS\DB_CONNECT\Tabular.sde\SDE.ThresholdEvaluation_SuspendedSediment_Concentration,,tabular,,,,
ThresholdEvaluation_TotalNitrogen_Concentration,SDE,Table,,Table,F:\GIS\DB_CONNECT\Tabular.sde\SDE.ThresholdEvaluation_TotalNitrogen_Concentration,,tabular,,,,
ThresholdEvaluation_TotalPhosphorous_Concentration,SDE,Table,,Table,F:\GIS\DB_CONNECT\Tabular.sde\SDE.ThresholdEvaluation_TotalPhosphorous_Concentration,,tabular,,,,
ThresholdEvaluation_Periphyton,SDE,Table,,Table,F:\GIS\DB_CONNECT\Tabular.sde\SDE.ThresholdEvaluation_Periphyton,,tabular,,,,
ThresholdEvaluation_PrimaryProductivity,SDE,Table,,Table,F:\GIS\DB_CONNECT\Tabular.sde\SDE.ThresholdEvaluation_PrimaryProductivity,,tabular,,,,
ThresholdEvaluation_ExistingDevelopmentRights_By_LandCapability,SDE,Table,,Table,F:\GIS\DB_CONNECT\Tabular.sde\SDE.ThresholdEvaluation_ExistingDevelopmentRights_By_LandCapability,,tabular,,,,
ThresholdEvaluation_WatercraftInspections,SDE,Table,,Table,F:\GIS\DB_CONNECT\Tabular.sde\SDE.ThresholdEvaluation_WatercraftInspections,,tabular,,,,
ThresholdEvaluation_CumulativeAccounting_UnitSummary,SDE,Table,,Table,F:\GIS\DB_CONNECT\Tabular.sde\SDE.ThresholdEvaluation_CumulativeAccounting_UnitSummary,,tabular,,,,
ThresholdEvaluation_CumulativeAccounting_Allocations,SDE,Table,,Table,F:\GIS\DB_CONNECT\Tabular.sde\SDE.ThresholdEvaluation_CumulativeAccounting_Allocations,,tabular,,,,
ThresholdEvaluation_CumulativeAccounting_Applications,SDE,Table,,Table,F:\GIS\DB_CONNECT\Tabular.sde\SDE.ThresholdEvaluation_CumulativeAccounting_Applications,,tabular,,,,
ThresholdEvaluation_CumulativeAccounting_CodeCompliance,SDE,Table,,Table,F:\GIS\DB_CONNECT\Tabular.sde\SDE.ThresholdEvaluation_CumulativeAccounting_CodeCompliance,,tabular,,,,
ThresholdEvaluation_CumulativeAccounting_PAOTAllocations,SDE,Table,,Table,F:\GIS\DB_CONNECT\Tabular.sde\SDE.ThresholdEvaluation_CumulativeAccounting_PAOTAllocations,,tabular,,,,
ThresholdEvaluation_CumulativeAccounting_BankedDevelopment,SDE,Table,,Table,F:\GIS\DB_CONNECT\Tabular.sde\SDE.ThresholdEvaluation_CumulativeAccounting_BankedDevelopment,,tabular,,,,
ThresholdEvaluation_CumulativeAccounting_CapitalExpenditures,SDE,Table,,Table,F:\GIS\DB_CONNECT\Tabular.sde\SDE.ThresholdEvaluation_CumulativeAccounting_CapitalExpenditures,,tabular,,,,
ThresholdEvaluation_CumulativeAccounting_CFA_By_Area,SDE,Table,,Table,F:\GIS\DB_CONNECT\Tabular.sde\SDE.ThresholdEvaluation_CumulativeAccounting_CFA_By_Area,,tabular,,,,
ThresholdEvaluation_CumulativeAccounting_CFA_By_Year,SDE,Table,,Table,F:\GIS\DB_CONNECT\Tabular.sde\SDE.ThresholdEvaluation_CumulativeAccounting_CFA_By_Year,,tabular,,,,
ThresholdEvaluation_CumulativeAccounting_CFA_Allocations,SDE,Table,,Table,F:\GIS\DB_CONNECT\Tabular.sde\SDE.ThresholdEvaluation_CumulativeAccounting_CFA_Allocations,,tabular,,,,
ThresholdEvaluation_CumulativeAccounting_CFA_Accounting,SDE,Table,,Table,F:\GIS\DB_CONNECT\Tabular.sde\SDE.ThresholdEvaluation_CumulativeAccounting_CFA_Accounting,,tabular,,,,
ThresholdEvaluation_CumulativeAccounting_ProjectMitigation,SDE,Table,,Table,F:\GIS\DB_CONNECT\Tabular.sde\SDE.ThresholdEvaluation_CumulativeAccounting_ProjectMitigation,,tabular,,,,
ThresholdEvaluation_CumulativeAccounting_RentalCarMitigationFee,SDE,Table,,Table,F:\GIS\DB_CONNECT\Tabular.sde\SDE.ThresholdEvaluation_CumulativeAccounting_RentalCarMitigationFee,,tabular,,,,
ThresholdEvaluation_CumulativeAccounting_Recreation_PAOT,SDE,Table,,Table,F:\GIS\DB_CONNECT\Tabular.sde\SDE.ThresholdEvaluation_CumulativeAccounting_Recreation_PAOT,,tabular,,,,
ThresholdEvaluation_CumulativeAccounting_TAU_By_Area,SDE,Table,,Table,F:\GIS\DB_CONNECT\Tabular.sde\SDE.ThresholdEvaluation_CumulativeAccounting_TAU_By_Area,,tabular,,,,
ThresholdEvaluation_CumulativeAccounting_SewerCapacity,SDE,Table,,Table,F:\GIS\DB_CONNECT\Tabular.sde\SDE.ThresholdEvaluation_CumulativeAccounting_SewerCapacity,,tabular,,,,
ThresholdEvaluation_CumulativeAccounting_TAU,SDE,Table,,Table,F:\GIS\DB_CONNECT\Tabular.sde\SDE.ThresholdEvaluation_CumulativeAccounting_TAU,,tabular,,,,
ThresholdEvaluation_CumulativeAccounting_Trips,SDE,Table,,Table,F:\GIS\DB_CONNECT\Tabular.sde\SDE.ThresholdEvaluation_CumulativeAccounting_Trips,,tabular,,,,
ThresholdEvaluation_CumulativeAccounting_ResidentialUnitSummary,SDE,Table,,Table,F:\GIS\DB_CONNECT\Tabular.sde\SDE.ThresholdEvaluation_CumulativeAccounting_ResidentialUnitSummary,,tabular,,,,
ThresholdEvaluation_WaterQuality_AIS_Plants,SDE,Table,,Table,F:\GIS\DB_CONNECT\Tabular.sde\SDE.ThresholdEvaluation_WaterQuality_AIS_Plants,,tabular,,,,
ThresholdEvaluation_SEZRestoration,SDE,Table,,Table,F:\GIS\DB_CONNECT\Tabular.sde\SDE.ThresholdEvaluation_SEZRestoration,,tabular,,,,
ThresholdEvaluation_SoilConservation_ImperviousOverlayAnalysis_Change,SDE,Table,,Table,F:\GIS\DB_CONNECT\Tabular.sde\SDE.ThresholdEvaluation_SoilConservation_ImperviousOverlayAnalysis_Change,,tabular,,,,
ThresholdEvaluation_SoilConservation_ImperviousOverlayAnalysis_2019,SDE,Table,,Table,F:\GIS\DB_CONNECT\Tabular.sde\SDE.ThresholdEvaluation_SoilConservation_ImperviousOverlayAnalysis_2019,,tabular,,,,
ThresholdEvaluation_SoilConservation_ImperviousOverlayAnalysis_2010,SDE,Table,,Table,F:\GIS\DB_CONNECT\Tabular.sde\SDE.ThresholdEvaluation_SoilConservation_ImperviousOverlayAnalysis_2010,,tabular,,,,
ThresholdEvaluation_SoilConservation_ImperviousOverlayAnalysis_2010_Original,SDE,Table,,Table,F:\GIS\DB_CONNECT\Tabular.sde\SDE.ThresholdEvaluation_SoilConservation_ImperviousOverlayAnalysis_2010_Original,,tabular,,,,
ExistingDevelopment,SDE,Table,,Table,F:\GIS\DB_CONNECT\Tabular.sde\SDE.ExistingDevelopment,,tabular,,,,
ThresholdEvaluation_Vegetation_FuelTreatment,SDE,Table,,Table,F:\GIS\DB_CONNECT\Tabular.sde\SDE.ThresholdEvaluation_Vegetation_FuelTreatment,,tabular,,,,
Vegetation_EcObject_2010,SDE,Table,,Table,F:\GIS\DB_CONNECT\Tabular.sde\SDE.Vegetation_EcObject_2010,,tabular,,,,
ThresholdEvaluation_CumulativeAccounting_NewCoverageByEvaluationPeriod,SDE,Table,,Table,F:\GIS\DB_CONNECT\Tabular.sde\SDE.ThresholdEvaluation_CumulativeAccounting_NewCoverageByEvaluationPeriod,,tabular,,,,
ThresholdEvaluation_SEZEnhancedRestored,SDE,Table,,Table,F:\GIS\DB_CONNECT\Tabular.sde\SDE.ThresholdEvaluation_SEZEnhancedRestored,,tabular,,,,
ThresholdEvaluation_AirQuality,SDE,Table,,Table,F:\GIS\DB_CONNECT\Tabular.sde\SDE.ThresholdEvaluation_AirQuality,,tabular,,,,
ThresholdEvaluation_VMT,SDE,Table,,Table,F:\GIS\DB_CONNECT\Tabular.sde\SDE.ThresholdEvaluation_VMT,,tabular,,,,
ThresholdEvaluation_VegetationTypeSummary,SDE,Table,,Table,F:\GIS\DB_CONNECT\Tabular.sde\SDE.ThresholdEvaluation_VegetationTypeSummary,,tabular,,,,
ThresholdEvaluation_TotalPhosphorous_Concentration_DailyStats,SDE,Table,,Table,F:\GIS\DB_CONNECT\Tabular.sde\SDE.ThresholdEvaluation_TotalPhosphorous_Concentration_DailyStats,,tabular,,,,
ThresholdEvaluation_TotalNitrogen_Concentration_DailyStats,SDE,Table,,Table,F:\GIS\DB_CONNECT\Tabular.sde\SDE.ThresholdEvaluation_TotalNitrogen_Concentration_DailyStats,,tabular,,,,
ThresholdEvaluation_SuspendedSediment_Concentration_DailyStats,SDE,Table,,Table,F:\GIS\DB_CONNECT\Tabular.sde\SDE.ThresholdEvaluation_SuspendedSediment_Concentration_DailyStats,,tabular,,,,
Parcel_Address,SDE,Table,,Table,F:\GIS\DB_CONNECT\Tabular.sde\SDE.Parcel_Address,,tabular,,,,
Parcel_Owner,SDE,Table,,Table,F:\GIS\DB_CONNECT\Tabular.sde\SDE.Parcel_Owner,,tabular,,,,
Parcel_Value,SDE,Table,,Table,F:\GIS\DB_CONNECT\Tabular.sde\SDE.Parcel_Value,,tabular,,,,
TRPA_Permits_SampleReport,SDE,Table,,Table,F:\GIS\DB_CONNECT\Tabular.sde\SDE.TRPA_Permits_SampleReport,,tabular,,,,
BlockGroup_2020_ACS5yr_B01001_Age,SDE,Table,,Table,F:\GIS\DB_CONNECT\Tabular.sde\SDE.BlockGroup_2020_ACS5yr_B01001_Age,,tabular,,,,
BlockGroup_2020_ACS5yr_B03002_Race,SDE,Table,,Table,F:\GIS\DB_CONNECT\Tabular.sde\SDE.BlockGroup_2020_ACS5yr_B03002_Race,,tabular,,,,
BlockGroup_2020_ACS5yr_B16004_Language,SDE,Table,,Table,F:\GIS\DB_CONNECT\Tabular.sde\SDE.BlockGroup_2020_ACS5yr_B16004_Language,,tabular,,,,
BlockGroup_2020_ACS5yr_B17021_BelowPovertyLine,SDE,Table,,Table,F:\GIS\DB_CONNECT\Tabular.sde\SDE.BlockGroup_2020_ACS5yr_B17021_BelowPovertyLine,,tabular,,,,
BlockGroup_2020_ACS5yr_B22010_HouseholdDisability,SDE,Table,,Table,F:\GIS\DB_CONNECT\Tabular.sde\SDE.BlockGroup_2020_ACS5yr_B22010_HouseholdDisability,,tabular,,,,
BlockGroup_2020_ACS5yr_B23024_IndividualDisability,SDE,Table,,Table,F:\GIS\DB_CONNECT\Tabular.sde\SDE.BlockGroup_2020_ACS5yr_B23024_IndividualDisability,,tabular,,,,
BlockGroup_2020_ACS5yr_B25044_ZeroVehicleHouseholds,SDE,Table,,Table,F:\GIS\DB_CONNECT\Tabular.sde\SDE.BlockGroup_2020_ACS5yr_B25044_ZeroVehicleHouseholds,,tabular,,,,
Housing,SDE,Table,,Table,F:\GIS\DB_CONNECT\Tabular.sde\SDE.Housing,,tabular,,,,
TravelDemandModel_TripsBaseYear2018,SDE,Table,,Table,F:\GIS\DB_CONNECT\Tabular.sde\SDE.TravelDemandModel_TripsBaseYear2018,,tabular,,,,
GEN_TRAN_DETAIL,SDE,Table,,Table,F:\GIS\DB_CONNECT\Tabular.sde\SDE.GEN_TRAN_DETAIL,,tabular,,,,
GENEALOGY,SDE,Table,,Table,F:\GIS\DB_CONNECT\Tabular.sde\SDE.GENEALOGY,,tabular,,,,
VMT,SDE,Table,,Table,F:\GIS\DB_CONNECT\Tabular.sde\SDE.VMT,,tabular,,,,
Parcel_APN_NewOld,SDE,Table,,Table,F:\GIS\DB_CONNECT\Tabular.sde\SDE.Parcel_APN_NewOld,,tabular,,,,
water_use_statistics,SDE,Table,,Table,F:\GIS\DB_CONNECT\Tabular.sde\SDE.water_use_statistics,,tabular,,,,
visitation_numbers,SDE,Table,,Table,F:\GIS\DB_CONNECT\Tabular.sde\SDE.visitation_numbers,,tabular,,,,
School_Enrollment,SDE,Table,,Table,F:\GIS\DB_CONNECT\Tabular.sde\SDE.School_Enrollment,,tabular,,,,
GHG_Emissions_Summary,SDE,Table,,Table,F:\GIS\DB_CONNECT\Tabular.sde\SDE.GHG_Emissions_Summary,,tabular,,,,
ClimateResilienceDashboard_CensusData,SDE,Table,,Table,F:\GIS\DB_CONNECT\Tabular.sde\SDE.ClimateResilienceDashboard_CensusData,,tabular,,,,
Accela_Record_Documents,SDE,Table,,Table,F:\GIS\DB_CONNECT\Tabular.sde\SDE.Accela_Record_Documents,,tabular,,,,
ClimateResilience_ProbabilityHighSeverityFire_by_ForestManagmentZone,SDE,Table,,Table,F:\GIS\DB_CONNECT\Tabular.sde\SDE.ClimateResilience_ProbabilityHighSeverityFire_by_ForestManagmentZone,,tabular,,,,
ClimateResilience_ProbabilityLowSeverityFire_by_ForestManagmentZone,SDE,Table,,Table,F:\GIS\DB_CONNECT\Tabular.sde\SDE.ClimateResilience_ProbabilityLowSeverityFire_by_ForestManagmentZone,,tabular,,,,
Moorings_withLottery,SDE,Table,,Table,F:\GIS\DB_CONNECT\Tabular.sde\SDE.Moorings_withLottery,,tabular,,,,
ClimateResilience_Transit_Monthly_Ridership_by_Route,SDE,Table,,Table,F:\GIS\DB_CONNECT\Tabular.sde\SDE.ClimateResilience_Transit_Monthly_Ridership_by_Route,,tabular,,,,
ClimateResilience_LODES_OriginDestination,SDE,Table,,Table,F:\GIS\DB_CONNECT\Tabular.sde\SDE.ClimateResilience_LODES_OriginDestination,,tabular,,,,
ClimateResilience_LODES_WorkLocations,SDE,Table,,Table,F:\GIS\DB_CONNECT\Tabular.sde\SDE.ClimateResilience_LODES_WorkLocations,,tabular,,,,
ClimateResilience_TOT,SDE,Table,,Table,F:\GIS\DB_CONNECT\Tabular.sde\SDE.ClimateResilience_TOT,,tabular,,,,
ClimateResilience_ModeShare,SDE,Table,,Table,F:\GIS\DB_CONNECT\Tabular.sde\SDE.ClimateResilience_ModeShare,,tabular,,,,
ClimateResilience_Impervious_Identify_Areawide_ByYear,SDE,Table,,Table,F:\GIS\DB_CONNECT\Tabular.sde\SDE.ClimateResilience_Impervious_Identify_Areawide_ByYear,,tabular,,,,
ClimateResilience_PurpleAir,SDE,Table,,Table,F:\GIS\DB_CONNECT\Tabular.sde\SDE.ClimateResilience_PurpleAir,,tabular,,,,
ClimateResilience_EnergyMix,SDE,Table,,Table,F:\GIS\DB_CONNECT\Tabular.sde\SDE.ClimateResilience_EnergyMix,,tabular,,,,
ClimateResilience_CentralSierraSnowLab_AllData,SDE,Table,,Table,F:\GIS\DB_CONNECT\Tabular.sde\SDE.ClimateResilience_CentralSierraSnowLab_AllData,,tabular,,,,
ClimateResilience_COSTAR_LakeTahoe_MF_AllBeds,SDE,Table,,Table,F:\GIS\DB_CONNECT\Tabular.sde\SDE.ClimateResilience_COSTAR_LakeTahoe_MF_AllBeds,,tabular,,,,
ClimateResilience_PropertyRadar,SDE,Table,,Table,F:\GIS\DB_CONNECT\Tabular.sde\SDE.ClimateResilience_PropertyRadar,,tabular,,,,
Parcel_Researched_Retired,SDE,Table,,Table,F:\GIS\DB_CONNECT\Tabular.sde\SDE.Parcel_Researched_Retired,,tabular,,,,
EffectivePopulationModel,SDE,Table,,Table,F:\GIS\DB_CONNECT\Tabular.sde\SDE.EffectivePopulationModel,,tabular,,,,
ClimateResilience_DeedRestrictedHousingUnits,SDE,Table,,Table,F:\GIS\DB_CONNECT\Tabular.sde\SDE.ClimateResilience_DeedRestrictedHousingUnits,,tabular,,,,
Campground_Visitation,SDE,Table,,Table,F:\GIS\DB_CONNECT\Tabular.sde\SDE.Campground_Visitation,,tabular,,,,
Nearshore_NTU,SDE,Table,,Table,F:\GIS\DB_CONNECT\Tabular.sde\SDE.Nearshore_NTU,,tabular,,,,
ThresholdEvaluation_Wildlife_Estimates,SDE,Table,,Table,F:\GIS\DB_CONNECT\Tabular.sde\SDE.ThresholdEvaluation_Wildlife_Estimates,,tabular,,,,
ThresholdEvaluation_Vegetation_ID_Ecobejct2010_CaldorVegBurnSeverity,SDE,Table,,Table,F:\GIS\DB_CONNECT\Tabular.sde\SDE.ThresholdEvaluation_Vegetation_ID_Ecobejct2010_CaldorVegBurnSeverity,,tabular,,,,
ThresholdEvaluation_CumulativeAccounting_DevelopmentTypeLandCapLandUseByJurisdiction,SDE,Table,,Table,F:\GIS\DB_CONNECT\Tabular.sde\SDE.ThresholdEvaluation_CumulativeAccounting_DevelopmentTypeLandCapLandUseByJurisdiction,,tabular,,,,
Traffic_Counts_SMART,SDE,Table,,Table,F:\GIS\DB_CONNECT\Tabular.sde\SDE.Traffic_Counts_SMART,,tabular,,,,
ThresholdEvaluation_Indicator_StatusTrendConfidence,SDE,Table,,Table,F:\GIS\DB_CONNECT\Tabular.sde\SDE.ThresholdEvaluation_Indicator_StatusTrendConfidence,,tabular,,,,
Occupancy_Rates,SDE,Table,,Table,F:\GIS\DB_CONNECT\Tabular.sde\SDE.Occupancy_Rates,,tabular,,,,
parcel_county_staging,SDE,Table,,Table,F:\GIS\DB_CONNECT\Tabular.sde\SDE.parcel_county_staging,,tabular,,,,
Tahoe_Monthly_Visitation,SDE,Table,,Table,F:\GIS\DB_CONNECT\Tabular.sde\SDE.Tahoe_Monthly_Visitation,,tabular,,,,
TEMP_TABLE,dbo,Table,,Table,F:\GIS\DB_CONNECT\Tabular.sde\dbo.TEMP_TABLE,,tabular,,,,
Accela_Parcels,sde,Table,,Error,"""sde.SDE.Accela_Parcels"" does not exist",,tabular,,,,
SDE_compress_log,dbo,Table,,Table,F:\GIS\DB_CONNECT\Tabular.sde\dbo.SDE_compress_log,,tabular,,,,
Accela_Record_Details,sde,Table,,Error,"""sde.SDE.Accela_Record_Details"" does not exist",,tabular,,,,
Accela_Parcels,dbo,Table,,Table,F:\GIS\DB_CONNECT\Tabular.sde\dbo.Accela_Parcels,,tabular,,,,
Accela_Record_Details,dbo,Table,,Table,F:\GIS\DB_CONNECT\Tabular.sde\dbo.Accela_Record_Details,,tabular,,,,
bike_ped_counter_tabular,sde,Table,,Error,"""sde.sde_tabular.SDE.bike_ped_counter_tabular"" does not exist",,tabular,,,,
Parcel_APN_NewOld,sde,Table,,Table,F:\GIS\DB_CONNECT\Tabular.sde\sde.SDE.Parcel_APN_NewOld,,tabular,,,,
