,Name,Schema,Type,Dataset,DataType,Path,ShapeType,database
0,Layers_with_Descriptions,SDE,Table,,Table,F:\GIS\DB_CONNECT\Vector.sde\SDE.Layers_with_Descriptions,,vector
1,Tolerance_District_Uses,SDE,Table,,Table,F:\GIS\DB_CONNECT\Vector.sde\SDE.Tolerance_District_Uses,,vector
2,Scenic_Corridor_Rating,SDE,Table,,Table,F:\GIS\DB_CONNECT\Vector.sde\SDE.Scenic_Corridor_Rating,,vector
3,Scenic_Viewpoint_Rating,SDE,Table,,Table,F:\GIS\DB_CONNECT\Vector.sde\SDE.Scenic_Viewpoint_Rating,,vector
4,Scenic_Viewpoint__ATTACH,SDE,Table,,Table,F:\GIS\DB_CONNECT\Vector.sde\SDE.Scenic_Viewpoint__ATTACH,,vector
5,ExistingBikeRacks__ATTACH,SDE,Table,,Table,F:\GIS\DB_CONNECT\Vector.sde\SDE.ExistingBikeRacks__ATTACH,,vector
6,Travel_Times,SDE,Table,,Table,F:\GIS\DB_CONNECT\Vector.sde\SDE.Travel_Times,,vector
7,Demographics,SDE,Table,,Table,F:\GIS\DB_CONNECT\Vector.sde\SDE.Demographics,,vector
8,Census_Demographics,SDE,Table,,Table,F:\GIS\DB_CONNECT\Vector.sde\SDE.Census_Demographics,,vector
9,Special_Designation,SDE,Table,,Table,F:\GIS\DB_CONNECT\Vector.sde\SDE.Special_Designation,,vector
10,Special_Designation_Reference,SDE,Table,,Table,F:\GIS\DB_CONNECT\Vector.sde\SDE.Special_Designation_Reference,,vector
11,PermissibleUses_Reference,SDE,Table,,Table,F:\GIS\DB_CONNECT\Vector.sde\SDE.PermissibleUses_Reference,,vector
12,PermissibleUses,SDE,Table,,Table,F:\GIS\DB_CONNECT\Vector.sde\SDE.PermissibleUses,,vector
13,Census_Jobs,SDE,Table,,Table,F:\GIS\DB_CONNECT\Vector.sde\SDE.Census_Jobs,,vector
14,SEZ_Assessment_Unit__ATTACH,SDE,Table,,Table,F:\GIS\DB_CONNECT\Vector.sde\SDE.SEZ_Assessment_Unit__ATTACH,,vector
15,sez_scores_aquatic_organism,SDE,Table,,Table,F:\GIS\DB_CONNECT\Vector.sde\SDE.sez_scores_aquatic_organism,,vector
16,sez_scores_bank_stability,SDE,Table,,Table,F:\GIS\DB_CONNECT\Vector.sde\SDE.sez_scores_bank_stability,,vector
17,sez_scores_biotic,SDE,Table,,Table,F:\GIS\DB_CONNECT\Vector.sde\SDE.sez_scores_biotic,,vector
18,sez_scores_conifer_encroachment,SDE,Table,,Table,F:\GIS\DB_CONNECT\Vector.sde\SDE.sez_scores_conifer_encroachment,,vector
19,sez_scores_ditch,SDE,Table,,Table,F:\GIS\DB_CONNECT\Vector.sde\SDE.sez_scores_ditch,,vector
20,sez_scores_habitat_fragmentation,SDE,Table,,Table,F:\GIS\DB_CONNECT\Vector.sde\SDE.sez_scores_habitat_fragmentation,,vector
21,sez_scores_headcut,SDE,Table,,Table,F:\GIS\DB_CONNECT\Vector.sde\SDE.sez_scores_headcut,,vector
22,sez_scores_incision,SDE,Table,,Table,F:\GIS\DB_CONNECT\Vector.sde\SDE.sez_scores_incision,,vector
23,sez_scores_invasives,SDE,Table,,Table,F:\GIS\DB_CONNECT\Vector.sde\SDE.sez_scores_invasives,,vector
24,sez_scores_vegetation_vigor,SDE,Table,,Table,F:\GIS\DB_CONNECT\Vector.sde\SDE.sez_scores_vegetation_vigor,,vector
25,SDE_compress_log,sde,Table,,Table,F:\GIS\DB_CONNECT\Vector.sde\sde.SDE_compress_log,,vector
26,Tahoe_Census_Zip,SDE,FeatureClass,Census,FeatureClass,F:\GIS\DB_CONNECT\Vector.sde\SDE.Census\SDE.Tahoe_Census_Zip,Polygon,vector
27,Tahoe_Census_Congressional_District,SDE,FeatureClass,Census,FeatureClass,F:\GIS\DB_CONNECT\Vector.sde\SDE.Census\SDE.Tahoe_Census_Congressional_District,Polygon,vector
28,Tahoe_Census_Unified_School_District,SDE,FeatureClass,Census,FeatureClass,F:\GIS\DB_CONNECT\Vector.sde\SDE.Census\SDE.Tahoe_Census_Unified_School_District,Polygon,vector
29,CA_NV_Census_State_Boundary,SDE,FeatureClass,Census,FeatureClass,F:\GIS\DB_CONNECT\Vector.sde\SDE.Census\SDE.CA_NV_Census_State_Boundary,Polygon,vector
30,Tahoe_Census_County,SDE,FeatureClass,Census,FeatureClass,F:\GIS\DB_CONNECT\Vector.sde\SDE.Census\SDE.Tahoe_Census_County,Polygon,vector
31,Community_Priority_Zones,SDE,FeatureClass,Census,FeatureClass,F:\GIS\DB_CONNECT\Vector.sde\SDE.Census\SDE.Community_Priority_Zones,Polygon,vector
32,HealthyPlacesIndex_Scores,SDE,FeatureClass,Census,FeatureClass,F:\GIS\DB_CONNECT\Vector.sde\SDE.Census\SDE.HealthyPlacesIndex_Scores,Polygon,vector
33,Tahoe_Census_Geography,SDE,FeatureClass,Census,FeatureClass,F:\GIS\DB_CONNECT\Vector.sde\SDE.Census\SDE.Tahoe_Census_Geography,Polygon,vector
34,Tahoe_Tract_2010_Values,SDE,FeatureClass,Census,FeatureClass,F:\GIS\DB_CONNECT\Vector.sde\SDE.Census\SDE.Tahoe_Tract_2010_Values,Polygon,vector
35,Tahoe_Tract_2020_Values,SDE,FeatureClass,Census,FeatureClass,F:\GIS\DB_CONNECT\Vector.sde\SDE.Census\SDE.Tahoe_Tract_2020_Values,Polygon,vector
36,Tahoe_Neighborhood_2010_2020_Change,SDE,FeatureClass,Census,FeatureClass,F:\GIS\DB_CONNECT\Vector.sde\SDE.Census\SDE.Tahoe_Neighborhood_2010_2020_Change,Polygon,vector
37,Tahoe_BlockGroup_2021_TDC_Values,SDE,FeatureClass,Census,FeatureClass,F:\GIS\DB_CONNECT\Vector.sde\SDE.Census\SDE.Tahoe_BlockGroup_2021_TDC_Values,Polygon,vector
38,Tahoe_Block_2020_Values,SDE,FeatureClass,Census,FeatureClass,F:\GIS\DB_CONNECT\Vector.sde\SDE.Census\SDE.Tahoe_Block_2020_Values,Polygon,vector
39,Tahoe_BlockGroup_TDC_Values,SDE,FeatureClass,Census,FeatureClass,F:\GIS\DB_CONNECT\Vector.sde\SDE.Census\SDE.Tahoe_BlockGroup_TDC_Values,Polygon,vector
40,Tahoe_TDC_Points,SDE,FeatureClass,Census,FeatureClass,F:\GIS\DB_CONNECT\Vector.sde\SDE.Census\SDE.Tahoe_TDC_Points,Point,vector
41,Tahoe_Census_Population_Center,SDE,FeatureClass,Census,FeatureClass,F:\GIS\DB_CONNECT\Vector.sde\SDE.Census\SDE.Tahoe_Census_Population_Center,Point,vector
42,Tahoe_Tessellation,SDE,FeatureClass,Census,FeatureClass,F:\GIS\DB_CONNECT\Vector.sde\SDE.Census\SDE.Tahoe_Tessellation,Polygon,vector
43,Tahoe_BlockGroup_2022_TDC_Values,SDE,FeatureClass,Census,FeatureClass,F:\GIS\DB_CONNECT\Vector.sde\SDE.Census\SDE.Tahoe_BlockGroup_2022_TDC_Values,Polygon,vector
44,Demographics_Tessellation,SDE,FeatureClass,Census,FeatureClass,F:\GIS\DB_CONNECT\Vector.sde\SDE.Census\SDE.Demographics_Tessellation,Polygon,vector
45,Basins,SDE,FeatureClass,EIP,FeatureClass,F:\GIS\DB_CONNECT\Vector.sde\SDE.EIP\SDE.Basins,Polygon,vector
46,Drainage_Inlet,SDE,FeatureClass,EIP,FeatureClass,F:\GIS\DB_CONNECT\Vector.sde\SDE.EIP\SDE.Drainage_Inlet,Point,vector
47,Drainage_Outlet,SDE,FeatureClass,EIP,FeatureClass,F:\GIS\DB_CONNECT\Vector.sde\SDE.EIP\SDE.Drainage_Outlet,Point,vector
48,Area_Wide_Treatments,SDE,FeatureClass,EIP,FeatureClass,F:\GIS\DB_CONNECT\Vector.sde\SDE.EIP\SDE.Area_Wide_Treatments,Polygon,vector
49,Pipes,SDE,FeatureClass,EIP,FeatureClass,F:\GIS\DB_CONNECT\Vector.sde\SDE.EIP\SDE.Pipes,Polyline,vector
50,Proposed_Drainage_Areas,SDE,FeatureClass,EIP,FeatureClass,F:\GIS\DB_CONNECT\Vector.sde\SDE.EIP\SDE.Proposed_Drainage_Areas,Polygon,vector
51,Surface_Flow,SDE,FeatureClass,EIP,FeatureClass,F:\GIS\DB_CONNECT\Vector.sde\SDE.EIP\SDE.Surface_Flow,Polyline,vector
52,Boaters_Visiting_Tahoe,SDE,FeatureClass,EIP,FeatureClass,F:\GIS\DB_CONNECT\Vector.sde\SDE.EIP\SDE.Boaters_Visiting_Tahoe,Point,vector
53,AIS_Boating_Visits_All,SDE,FeatureClass,EIP,FeatureClass,F:\GIS\DB_CONNECT\Vector.sde\SDE.EIP\SDE.AIS_Boating_Visits_All,Point,vector
54,Parcel_Verified_Constraints,SDE,FeatureClass,EIP,FeatureClass,F:\GIS\DB_CONNECT\Vector.sde\SDE.EIP\SDE.Parcel_Verified_Constraints,Polygon,vector
55,Soil_Constraints,SDE,FeatureClass,EIP,FeatureClass,F:\GIS\DB_CONNECT\Vector.sde\SDE.EIP\SDE.Soil_Constraints,Polygon,vector
56,Mapped_Site_Constraint,SDE,FeatureClass,EIP,FeatureClass,F:\GIS\DB_CONNECT\Vector.sde\SDE.EIP\SDE.Mapped_Site_Constraint,Polygon,vector
57,Verified_Site_Constraint,SDE,FeatureClass,EIP,FeatureClass,F:\GIS\DB_CONNECT\Vector.sde\SDE.EIP\SDE.Verified_Site_Constraint,Polygon,vector
58,EMS_Stations,SDE,FeatureClass,EmergencyResponse,FeatureClass,F:\GIS\DB_CONNECT\Vector.sde\SDE.EmergencyResponse\SDE.EMS_Stations,Point,vector
59,EvacuationShelters,SDE,FeatureClass,EmergencyResponse,FeatureClass,F:\GIS\DB_CONNECT\Vector.sde\SDE.EmergencyResponse\SDE.EvacuationShelters,Point,vector
60,Fire_Station,SDE,FeatureClass,EmergencyResponse,FeatureClass,F:\GIS\DB_CONNECT\Vector.sde\SDE.EmergencyResponse\SDE.Fire_Station,Point,vector
61,MedicalFacilities,SDE,FeatureClass,EmergencyResponse,FeatureClass,F:\GIS\DB_CONNECT\Vector.sde\SDE.EmergencyResponse\SDE.MedicalFacilities,Point,vector
62,PoliceFacilities,SDE,FeatureClass,EmergencyResponse,FeatureClass,F:\GIS\DB_CONNECT\Vector.sde\SDE.EmergencyResponse\SDE.PoliceFacilities,Point,vector
63,LocalLawEnforcement,SDE,FeatureClass,EmergencyResponse,FeatureClass,F:\GIS\DB_CONNECT\Vector.sde\SDE.EmergencyResponse\SDE.LocalLawEnforcement,Point,vector
64,Hospitals,SDE,FeatureClass,EmergencyResponse,FeatureClass,F:\GIS\DB_CONNECT\Vector.sde\SDE.EmergencyResponse\SDE.Hospitals,Point,vector
65,EmergencyResponse_Mooring,SDE,FeatureClass,EmergencyResponse,FeatureClass,F:\GIS\DB_CONNECT\Vector.sde\SDE.EmergencyResponse\SDE.EmergencyResponse_Mooring,Point,vector
66,Helispot,SDE,FeatureClass,EmergencyResponse,FeatureClass,F:\GIS\DB_CONNECT\Vector.sde\SDE.EmergencyResponse\SDE.Helispot,Point,vector
67,TDFD_Hydrants,SDE,FeatureClass,EmergencyResponse,FeatureClass,F:\GIS\DB_CONNECT\Vector.sde\SDE.EmergencyResponse\SDE.TDFD_Hydrants,Point,vector
68,WUI,SDE,FeatureClass,Fire,FeatureClass,F:\GIS\DB_CONNECT\Vector.sde\SDE.Fire\SDE.WUI,Polygon,vector
69,Backcountry_Closure,SDE,FeatureClass,Fire,FeatureClass,F:\GIS\DB_CONNECT\Vector.sde\SDE.Fire\SDE.Backcountry_Closure,Polygon,vector
70,FireHistory_FRAP_2020,SDE,FeatureClass,Fire,FeatureClass,F:\GIS\DB_CONNECT\Vector.sde\SDE.Fire\SDE.FireHistory_FRAP_2020,Polygon,vector
71,Caldor_Fire_Soil_Burn_Severity,SDE,FeatureClass,Fire,FeatureClass,F:\GIS\DB_CONNECT\Vector.sde\SDE.Fire\SDE.Caldor_Fire_Soil_Burn_Severity,Polygon,vector
72,FireDistricts_20231207,SDE,FeatureClass,Fire,FeatureClass,F:\GIS\DB_CONNECT\Vector.sde\SDE.Fire\SDE.FireDistricts_20231207,Polygon,vector
73,ForestManagementZone_Identity_LowSeverityProbability,SDE,FeatureClass,Fire,FeatureClass,F:\GIS\DB_CONNECT\Vector.sde\SDE.Fire\SDE.ForestManagementZone_Identity_LowSeverityProbability,Polygon,vector
74,ForestManagementZone_Identity_HighSeverityProbability,SDE,FeatureClass,Fire,FeatureClass,F:\GIS\DB_CONNECT\Vector.sde\SDE.Fire\SDE.ForestManagementZone_Identity_HighSeverityProbability,Polygon,vector
75,Caldor_RAVG,SDE,FeatureClass,Fire,FeatureClass,F:\GIS\DB_CONNECT\Vector.sde\SDE.Fire\SDE.Caldor_RAVG,Polygon,vector
76,FunctionalFire_ProbableFireSeverityByManagementZone,SDE,FeatureClass,Fire,FeatureClass,F:\GIS\DB_CONNECT\Vector.sde\SDE.Fire\SDE.FunctionalFire_ProbableFireSeverityByManagementZone,Polygon,vector
77,Fish_Habitat_1989,SDE,FeatureClass,Fisheries,FeatureClass,F:\GIS\DB_CONNECT\Vector.sde\SDE.Fisheries\SDE.Fish_Habitat_1989,Polygon,vector
78,FishStream,SDE,FeatureClass,Fisheries,FeatureClass,F:\GIS\DB_CONNECT\Vector.sde\SDE.Fisheries\SDE.FishStream,Polyline,vector
79,Fish_Habitat_2004,SDE,FeatureClass,Fisheries,FeatureClass,F:\GIS\DB_CONNECT\Vector.sde\SDE.Fisheries\SDE.Fish_Habitat_2004,Polygon,vector
80,AquaticOrganismPassage_USFS,SDE,FeatureClass,Fisheries,FeatureClass,F:\GIS\DB_CONNECT\Vector.sde\SDE.Fisheries\SDE.AquaticOrganismPassage_USFS,Point,vector
81,Fish_Habitat_2016,SDE,FeatureClass,Fisheries,FeatureClass,F:\GIS\DB_CONNECT\Vector.sde\SDE.Fisheries\SDE.Fish_Habitat_2016,Polygon,vector
82,Stream_Habitat_Condition,SDE,FeatureClass,Fisheries,FeatureClass,F:\GIS\DB_CONNECT\Vector.sde\SDE.Fisheries\SDE.Stream_Habitat_Condition,Polygon,vector
83,Historic_Lns,SDE,FeatureClass,Historic,FeatureClass,F:\GIS\DB_CONNECT\Vector.sde\SDE.Historic\SDE.Historic_Lns,Polyline,vector
84,Historic_Pts,SDE,FeatureClass,Historic,FeatureClass,F:\GIS\DB_CONNECT\Vector.sde\SDE.Historic\SDE.Historic_Pts,Point,vector
85,HistoricDistricts,SDE,FeatureClass,Historic,FeatureClass,F:\GIS\DB_CONNECT\Vector.sde\SDE.Historic\SDE.HistoricDistricts,Polygon,vector
86,ForestManagementZone_USFS,SDE,FeatureClass,Jurisdictions,FeatureClass,F:\GIS\DB_CONNECT\Vector.sde\SDE.Jurisdictions\SDE.ForestManagementZone_USFS,Polygon,vector
87,GID_NV,SDE,FeatureClass,Jurisdictions,FeatureClass,F:\GIS\DB_CONNECT\Vector.sde\SDE.Jurisdictions\SDE.GID_NV,Polygon,vector
88,TRCD_Boundary,SDE,FeatureClass,Jurisdictions,FeatureClass,F:\GIS\DB_CONNECT\Vector.sde\SDE.Jurisdictions\SDE.TRCD_Boundary,Polygon,vector
89,LSOG,SDE,FeatureClass,Jurisdictions,FeatureClass,F:\GIS\DB_CONNECT\Vector.sde\SDE.Jurisdictions\SDE.LSOG,Polyline,vector
90,TCPUD_Boundary,SDE,FeatureClass,Jurisdictions,FeatureClass,F:\GIS\DB_CONNECT\Vector.sde\SDE.Jurisdictions\SDE.TCPUD_Boundary,Polygon,vector
91,InventoriedRoadlessArea_USFS,SDE,FeatureClass,Jurisdictions,FeatureClass,F:\GIS\DB_CONNECT\Vector.sde\SDE.Jurisdictions\SDE.InventoriedRoadlessArea_USFS,Polygon,vector
92,Cities,SDE,FeatureClass,Jurisdictions,FeatureClass,F:\GIS\DB_CONNECT\Vector.sde\SDE.Jurisdictions\SDE.Cities,Point,vector
93,CSLT,SDE,FeatureClass,Jurisdictions,FeatureClass,F:\GIS\DB_CONNECT\Vector.sde\SDE.Jurisdictions\SDE.CSLT,Polygon,vector
94,Water_Service_Area_Boundaries,SDE,FeatureClass,Jurisdictions,FeatureClass,F:\GIS\DB_CONNECT\Vector.sde\SDE.Jurisdictions\SDE.Water_Service_Area_Boundaries,Polygon,vector
95,Schools,SDE,FeatureClass,Jurisdictions,FeatureClass,F:\GIS\DB_CONNECT\Vector.sde\SDE.Jurisdictions\SDE.Schools,Point,vector
96,Wilderness,SDE,FeatureClass,Jurisdictions,FeatureClass,F:\GIS\DB_CONNECT\Vector.sde\SDE.Jurisdictions\SDE.Wilderness,Polygon,vector
97,FireDistricts,SDE,FeatureClass,Jurisdictions,FeatureClass,F:\GIS\DB_CONNECT\Vector.sde\SDE.Jurisdictions\SDE.FireDistricts,Polygon,vector
98,Jurisdictions_Combined,SDE,FeatureClass,Jurisdictions,FeatureClass,F:\GIS\DB_CONNECT\Vector.sde\SDE.Jurisdictions\SDE.Jurisdictions_Combined,Polygon,vector
99,STPUD,SDE,FeatureClass,Jurisdictions,FeatureClass,F:\GIS\DB_CONNECT\Vector.sde\SDE.Jurisdictions\SDE.STPUD,Polygon,vector
100,Improvement_and_Utility_Districts,SDE,FeatureClass,Jurisdictions,FeatureClass,F:\GIS\DB_CONNECT\Vector.sde\SDE.Jurisdictions\SDE.Improvement_and_Utility_Districts,Polygon,vector
101,BasicOwnership_USFS,SDE,FeatureClass,Jurisdictions,FeatureClass,F:\GIS\DB_CONNECT\Vector.sde\SDE.Jurisdictions\SDE.BasicOwnership_USFS,Polygon,vector
102,Postal_ZIP,SDE,FeatureClass,Jurisdictions,FeatureClass,F:\GIS\DB_CONNECT\Vector.sde\SDE.Jurisdictions\SDE.Postal_ZIP,Polygon,vector
103,PL_Communities,SDE,FeatureClass,Jurisdictions,FeatureClass,F:\GIS\DB_CONNECT\Vector.sde\SDE.Jurisdictions\SDE.PL_Communities,Polygon,vector
104,TRPA_bdy,SDE,FeatureClass,Jurisdictions,FeatureClass,F:\GIS\DB_CONNECT\Vector.sde\SDE.Jurisdictions\SDE.TRPA_bdy,Polygon,vector
105,UrbanAreas,SDE,FeatureClass,Jurisdictions,FeatureClass,F:\GIS\DB_CONNECT\Vector.sde\SDE.Jurisdictions\SDE.UrbanAreas,Polygon,vector
106,Counties,SDE,FeatureClass,Jurisdictions,FeatureClass,F:\GIS\DB_CONNECT\Vector.sde\SDE.Jurisdictions\SDE.Counties,Polygon,vector
107,CityOfTruckee,SDE,FeatureClass,Jurisdictions,FeatureClass,F:\GIS\DB_CONNECT\Vector.sde\SDE.Jurisdictions\SDE.CityOfTruckee,Polygon,vector
108,SLT_SchoolDistrict,SDE,FeatureClass,Jurisdictions,FeatureClass,F:\GIS\DB_CONNECT\Vector.sde\SDE.Jurisdictions\SDE.SLT_SchoolDistrict,Polygon,vector
109,EL_Communities,SDE,FeatureClass,Jurisdictions,FeatureClass,F:\GIS\DB_CONNECT\Vector.sde\SDE.Jurisdictions\SDE.EL_Communities,Polygon,vector
110,ManagementZone,SDE,FeatureClass,LakeTahoeWest,FeatureClass,F:\GIS\DB_CONNECT\Vector.sde\SDE.LakeTahoeWest\SDE.ManagementZone,Polygon,vector
111,Trees_In_Meadows,SDE,FeatureClass,LakeTahoeWest,FeatureClass,F:\GIS\DB_CONNECT\Vector.sde\SDE.LakeTahoeWest\SDE.Trees_In_Meadows,Point,vector
112,Meter_Contour,SDE,FeatureClass,littoral_drift,FeatureClass,F:\GIS\DB_CONNECT\Vector.sde\SDE.littoral_drift\SDE.Meter_Contour,Polyline,vector
113,Bottom_Sediment_Circulation,SDE,FeatureClass,littoral_drift,FeatureClass,F:\GIS\DB_CONNECT\Vector.sde\SDE.littoral_drift\SDE.Bottom_Sediment_Circulation,Polyline,vector
114,Conflicting_Circulation,SDE,FeatureClass,littoral_drift,FeatureClass,F:\GIS\DB_CONNECT\Vector.sde\SDE.littoral_drift\SDE.Conflicting_Circulation,Polyline,vector
115,General_Nearshore_Circulation,SDE,FeatureClass,littoral_drift,FeatureClass,F:\GIS\DB_CONNECT\Vector.sde\SDE.littoral_drift\SDE.General_Nearshore_Circulation,Polyline,vector
116,Fen_Meadow,SDE,FeatureClass,Meadow,FeatureClass,F:\GIS\DB_CONNECT\Vector.sde\SDE.Meadow\SDE.Fen_Meadow,Polygon,vector
117,Meadow_USFS,SDE,FeatureClass,Meadow,FeatureClass,F:\GIS\DB_CONNECT\Vector.sde\SDE.Meadow\SDE.Meadow_USFS,Polygon,vector
118,Aspen_Stand,SDE,FeatureClass,Meadow,FeatureClass,F:\GIS\DB_CONNECT\Vector.sde\SDE.Meadow\SDE.Aspen_Stand,Polygon,vector
119,NoiseLevels,SDE,FeatureClass,Noise,FeatureClass,F:\GIS\DB_CONNECT\Vector.sde\SDE.Noise\SDE.NoiseLevels,Polygon,vector
120,NoiseMonitoringLocations,SDE,FeatureClass,Noise,FeatureClass,F:\GIS\DB_CONNECT\Vector.sde\SDE.Noise\SDE.NoiseMonitoringLocations,Point,vector
121,Well_Buffer,SDE,FeatureClass,Water,FeatureClass,F:\GIS\DB_CONNECT\Vector.sde\SDE.Water\SDE.Well_Buffer,Polygon,vector
122,PriorityStream,SDE,FeatureClass,Water,FeatureClass,F:\GIS\DB_CONNECT\Vector.sde\SDE.Water\SDE.PriorityStream,Polyline,vector
123,Wells_Original_Buffer1320,SDE,FeatureClass,Water,FeatureClass,F:\GIS\DB_CONNECT\Vector.sde\SDE.Water\SDE.Wells_Original_Buffer1320,Polygon,vector
124,NHDArea,SDE,FeatureClass,Water,FeatureClass,F:\GIS\DB_CONNECT\Vector.sde\SDE.Water\SDE.NHDArea,Polygon,vector
125,Lake_Tahoe,SDE,FeatureClass,Water,FeatureClass,F:\GIS\DB_CONNECT\Vector.sde\SDE.Water\SDE.Lake_Tahoe,Polygon,vector
126,LakeTahoe_At_HighWater,SDE,FeatureClass,Water,FeatureClass,F:\GIS\DB_CONNECT\Vector.sde\SDE.Water\SDE.LakeTahoe_At_HighWater,Polygon,vector
127,stream_mouth_points,SDE,FeatureClass,Water,FeatureClass,F:\GIS\DB_CONNECT\Vector.sde\SDE.Water\SDE.stream_mouth_points,Point,vector
128,Intervene,SDE,FeatureClass,Water,FeatureClass,F:\GIS\DB_CONNECT\Vector.sde\SDE.Water\SDE.Intervene,Polygon,vector
129,subwatersheds,SDE,FeatureClass,Water,FeatureClass,F:\GIS\DB_CONNECT\Vector.sde\SDE.Water\SDE.subwatersheds,Polygon,vector
130,Watershed,SDE,FeatureClass,Water,FeatureClass,F:\GIS\DB_CONNECT\Vector.sde\SDE.Water\SDE.Watershed,Polygon,vector
131,Water_Bodies,SDE,FeatureClass,Water,FeatureClass,F:\GIS\DB_CONNECT\Vector.sde\SDE.Water\SDE.Water_Bodies,Polygon,vector
132,WBDHU8,SDE,FeatureClass,Water,FeatureClass,F:\GIS\DB_CONNECT\Vector.sde\SDE.Water\SDE.WBDHU8,Polygon,vector
133,subwatershed,SDE,FeatureClass,Water,FeatureClass,F:\GIS\DB_CONNECT\Vector.sde\SDE.Water\SDE.subwatershed,Polygon,vector
134,WBDHU10,SDE,FeatureClass,Water,FeatureClass,F:\GIS\DB_CONNECT\Vector.sde\SDE.Water\SDE.WBDHU10,Polygon,vector
135,NHDFlowline,SDE,FeatureClass,Water,FeatureClass,F:\GIS\DB_CONNECT\Vector.sde\SDE.Water\SDE.NHDFlowline,Polyline,vector
136,NHDWaterbody,SDE,FeatureClass,Water,FeatureClass,F:\GIS\DB_CONNECT\Vector.sde\SDE.Water\SDE.NHDWaterbody,Polygon,vector
137,Hydrography_StreamNetwork_2010_Tahoe,SDE,FeatureClass,Water,FeatureClass,F:\GIS\DB_CONNECT\Vector.sde\SDE.Water\SDE.Hydrography_StreamNetwork_2010_Tahoe,Polyline,vector
138,DeepestPoint_LakeTahoe,SDE,FeatureClass,Water,FeatureClass,F:\GIS\DB_CONNECT\Vector.sde\SDE.Water\SDE.DeepestPoint_LakeTahoe,Point,vector
139,HWL_300ftBuffer,SDE,FeatureClass,Water,FeatureClass,F:\GIS\DB_CONNECT\Vector.sde\SDE.Water\SDE.HWL_300ftBuffer,Polygon,vector
140,Hydro_Areas,SDE,FeatureClass,Water,FeatureClass,F:\GIS\DB_CONNECT\Vector.sde\SDE.Water\SDE.Hydro_Areas,Polygon,vector
141,DgCo_gid,SDE,FeatureClass,Water,FeatureClass,F:\GIS\DB_CONNECT\Vector.sde\SDE.Water\SDE.DgCo_gid,Polygon,vector
142,SNOTEL_Stations,SDE,FeatureClass,Water,FeatureClass,F:\GIS\DB_CONNECT\Vector.sde\SDE.Water\SDE.SNOTEL_Stations,Point,vector
143,StreamBlockage,SDE,FeatureClass,Water,FeatureClass,F:\GIS\DB_CONNECT\Vector.sde\SDE.Water\SDE.StreamBlockage,Point,vector
144,Streams,SDE,FeatureClass,Water,FeatureClass,F:\GIS\DB_CONNECT\Vector.sde\SDE.Water\SDE.Streams,Polyline,vector
145,WBDHU12,SDE,FeatureClass,Water,FeatureClass,F:\GIS\DB_CONNECT\Vector.sde\SDE.Water\SDE.WBDHU12,Polygon,vector
146,FEMA_Flood_Zone,SDE,FeatureClass,Water,FeatureClass,F:\GIS\DB_CONNECT\Vector.sde\SDE.Water\SDE.FEMA_Flood_Zone,Polygon,vector
147,LTBMU_Streams,SDE,FeatureClass,Water,FeatureClass,F:\GIS\DB_CONNECT\Vector.sde\SDE.Water\SDE.LTBMU_Streams,Polyline,vector
148,Wells_Original,SDE,FeatureClass,Water,FeatureClass,F:\GIS\DB_CONNECT\Vector.sde\SDE.Water\SDE.Wells_Original,Point,vector
149,Regional_Treatment_Areas,SDE,FeatureClass,Water,FeatureClass,F:\GIS\DB_CONNECT\Vector.sde\SDE.Water\SDE.Regional_Treatment_Areas,Polygon,vector
150,NHDPoint,SDE,FeatureClass,Water,FeatureClass,F:\GIS\DB_CONNECT\Vector.sde\SDE.Water\SDE.NHDPoint,Point,vector
151,StreamEnvironmentZone_LakeTahoeBasin,SDE,FeatureClass,Water,FeatureClass,F:\GIS\DB_CONNECT\Vector.sde\SDE.Water\SDE.StreamEnvironmentZone_LakeTahoeBasin,Polygon,vector
152,Points_of_Interest,SDE,FeatureClass,Shorezone,FeatureClass,F:\GIS\DB_CONNECT\Vector.sde\SDE.Shorezone\SDE.Points_of_Interest,Point,vector
153,BuoyLine,SDE,FeatureClass,Shorezone,FeatureClass,F:\GIS\DB_CONNECT\Vector.sde\SDE.Shorezone\SDE.BuoyLine,Polygon,vector
154,BoatRamp,SDE,FeatureClass,Shorezone,FeatureClass,F:\GIS\DB_CONNECT\Vector.sde\SDE.Shorezone\SDE.BoatRamp,Point,vector
155,Shore_Bndry,SDE,FeatureClass,Shorezone,FeatureClass,F:\GIS\DB_CONNECT\Vector.sde\SDE.Shorezone\SDE.Shore_Bndry,Polygon,vector
156,PermitBuoys,SDE,FeatureClass,Shorezone,FeatureClass,F:\GIS\DB_CONNECT\Vector.sde\SDE.Shorezone\SDE.PermitBuoys,Point,vector
157,MapIndex,SDE,FeatureClass,Shorezone,FeatureClass,F:\GIS\DB_CONNECT\Vector.sde\SDE.Shorezone\SDE.MapIndex,Polygon,vector
158,Buoy,SDE,FeatureClass,Shorezone,FeatureClass,F:\GIS\DB_CONNECT\Vector.sde\SDE.Shorezone\SDE.Buoy,Point,vector
159,NoWakeZone_Line,SDE,FeatureClass,Shorezone,FeatureClass,F:\GIS\DB_CONNECT\Vector.sde\SDE.Shorezone\SDE.NoWakeZone_Line,Polyline,vector
160,Shore_Points,SDE,FeatureClass,Shorezone,FeatureClass,F:\GIS\DB_CONNECT\Vector.sde\SDE.Shorezone\SDE.Shore_Points,Point,vector
161,Intakes,SDE,FeatureClass,Shorezone,FeatureClass,F:\GIS\DB_CONNECT\Vector.sde\SDE.Shorezone\SDE.Intakes,Point,vector
162,Boathouse_Collection,SDE,FeatureClass,Shorezone,FeatureClass,F:\GIS\DB_CONNECT\Vector.sde\SDE.Shorezone\SDE.Boathouse_Collection,Point,vector
163,Non_Motorized_Launch_Site,SDE,FeatureClass,Shorezone,FeatureClass,F:\GIS\DB_CONNECT\Vector.sde\SDE.Shorezone\SDE.Non_Motorized_Launch_Site,Point,vector
164,Tolerance_District,SDE,FeatureClass,Shorezone,FeatureClass,F:\GIS\DB_CONNECT\Vector.sde\SDE.Shorezone\SDE.Tolerance_District,Polygon,vector
165,Shorezone_Preservation_Areas,SDE,FeatureClass,Shorezone,FeatureClass,F:\GIS\DB_CONNECT\Vector.sde\SDE.Shorezone\SDE.Shorezone_Preservation_Areas,Polygon,vector
166,Watercraft_Rental_Concessions,SDE,FeatureClass,Shorezone,FeatureClass,F:\GIS\DB_CONNECT\Vector.sde\SDE.Shorezone\SDE.Watercraft_Rental_Concessions,Point,vector
167,Marina,SDE,FeatureClass,Shorezone,FeatureClass,F:\GIS\DB_CONNECT\Vector.sde\SDE.Shorezone\SDE.Marina,Point,vector
168,BuoyField,SDE,FeatureClass,Shorezone,FeatureClass,F:\GIS\DB_CONNECT\Vector.sde\SDE.Shorezone\SDE.BuoyField,Polygon,vector
169,PierHeadline,SDE,FeatureClass,Shorezone,FeatureClass,F:\GIS\DB_CONNECT\Vector.sde\SDE.Shorezone\SDE.PierHeadline,Polyline,vector
170,Mooring,SDE,FeatureClass,Shorezone,FeatureClass,F:\GIS\DB_CONNECT\Vector.sde\SDE.Shorezone\SDE.Mooring,Point,vector
171,Pier,SDE,FeatureClass,Shorezone,FeatureClass,F:\GIS\DB_CONNECT\Vector.sde\SDE.Shorezone\SDE.Pier,Polygon,vector
172,Water_Trail,SDE,FeatureClass,Shorezone,FeatureClass,F:\GIS\DB_CONNECT\Vector.sde\SDE.Shorezone\SDE.Water_Trail,Polyline,vector
173,BeachLocations,SDE,FeatureClass,Shorezone,FeatureClass,F:\GIS\DB_CONNECT\Vector.sde\SDE.Shorezone\SDE.BeachLocations,Point,vector
174,Stream_Mouth_Protection_Zone,SDE,FeatureClass,Shorezone,FeatureClass,F:\GIS\DB_CONNECT\Vector.sde\SDE.Shorezone\SDE.Stream_Mouth_Protection_Zone,Polygon,vector
175,Parcel_Lines_Extended,SDE,FeatureClass,Shorezone,FeatureClass,F:\GIS\DB_CONNECT\Vector.sde\SDE.Shorezone\SDE.Parcel_Lines_Extended,Polyline,vector
176,LittoralParcel,SDE,FeatureClass,Shorezone,FeatureClass,F:\GIS\DB_CONNECT\Vector.sde\SDE.Shorezone\SDE.LittoralParcel,Polygon,vector
177,Exclusion,SDE,FeatureClass,Shorezone,FeatureClass,F:\GIS\DB_CONNECT\Vector.sde\SDE.Shorezone\SDE.Exclusion,Polygon,vector
178,Mooring_Sitka,SDE,FeatureClass,Shorezone,FeatureClass,F:\GIS\DB_CONNECT\Vector.sde\SDE.Shorezone\SDE.Mooring_Sitka,Point,vector
179,AIS_InspectionStation,SDE,FeatureClass,Shorezone,FeatureClass,F:\GIS\DB_CONNECT\Vector.sde\SDE.Shorezone\SDE.AIS_InspectionStation,Point,vector
180,Shallow_Area,SDE,FeatureClass,Shorezone,FeatureClass,F:\GIS\DB_CONNECT\Vector.sde\SDE.Shorezone\SDE.Shallow_Area,Polygon,vector
181,BuoyZone,SDE,FeatureClass,Shorezone,FeatureClass,F:\GIS\DB_CONNECT\Vector.sde\SDE.Shorezone\SDE.BuoyZone,Polygon,vector
182,No_Wake_Zone,SDE,FeatureClass,Shorezone,FeatureClass,F:\GIS\DB_CONNECT\Vector.sde\SDE.Shorezone\SDE.No_Wake_Zone,Polygon,vector
183,Housing_Tesselation,SDE,FeatureClass,Planning,FeatureClass,F:\GIS\DB_CONNECT\Vector.sde\SDE.Planning\SDE.Housing_Tesselation,Polygon,vector
184,VHR_Aggregated_100acreHexBin,SDE,FeatureClass,Planning,FeatureClass,F:\GIS\DB_CONNECT\Vector.sde\SDE.Planning\SDE.VHR_Aggregated_100acreHexBin,Polygon,vector
185,VHR_Tahoe,SDE,FeatureClass,Planning,FeatureClass,F:\GIS\DB_CONNECT\Vector.sde\SDE.Planning\SDE.VHR_Tahoe,Polygon,vector
186,SpecialPlanningDistrict,SDE,FeatureClass,Planning,FeatureClass,F:\GIS\DB_CONNECT\Vector.sde\SDE.Planning\SDE.SpecialPlanningDistrict,Polygon,vector
187,TransferRatio,SDE,FeatureClass,Planning,FeatureClass,F:\GIS\DB_CONNECT\Vector.sde\SDE.Planning\SDE.TransferRatio,Polygon,vector
188,Multifamily_Allowed_Zone,SDE,FeatureClass,Planning,FeatureClass,F:\GIS\DB_CONNECT\Vector.sde\SDE.Planning\SDE.Multifamily_Allowed_Zone,Polygon,vector
189,LocalPlan,SDE,FeatureClass,Planning,FeatureClass,F:\GIS\DB_CONNECT\Vector.sde\SDE.Planning\SDE.LocalPlan,Polygon,vector
190,FlyOverZone,SDE,FeatureClass,Planning,FeatureClass,F:\GIS\DB_CONNECT\Vector.sde\SDE.Planning\SDE.FlyOverZone,Polygon,vector
191,VHR_Aggregated_100acreHexbin_2022,SDE,FeatureClass,Planning,FeatureClass,F:\GIS\DB_CONNECT\Vector.sde\SDE.Planning\SDE.VHR_Aggregated_100acreHexbin_2022,Polygon,vector
192,SubArea_A,SDE,FeatureClass,Planning,FeatureClass,F:\GIS\DB_CONNECT\Vector.sde\SDE.Planning\SDE.SubArea_A,Polygon,vector
193,SpecialArea,SDE,FeatureClass,Planning,FeatureClass,F:\GIS\DB_CONNECT\Vector.sde\SDE.Planning\SDE.SpecialArea,Polygon,vector
194,TownCenter_Buffer,SDE,FeatureClass,Planning,FeatureClass,F:\GIS\DB_CONNECT\Vector.sde\SDE.Planning\SDE.TownCenter_Buffer,Polygon,vector
195,Opportunity_Zones_SLT,SDE,FeatureClass,Planning,FeatureClass,F:\GIS\DB_CONNECT\Vector.sde\SDE.Planning\SDE.Opportunity_Zones_SLT,Polygon,vector
196,TransferRatio_Clip,SDE,FeatureClass,Planning,FeatureClass,F:\GIS\DB_CONNECT\Vector.sde\SDE.Planning\SDE.TransferRatio_Clip,Polygon,vector
197,VHR_Aggregatted,SDE,FeatureClass,Planning,FeatureClass,F:\GIS\DB_CONNECT\Vector.sde\SDE.Planning\SDE.VHR_Aggregatted,Polygon,vector
198,Permissible_ADU_Area,SDE,FeatureClass,Planning,FeatureClass,F:\GIS\DB_CONNECT\Vector.sde\SDE.Planning\SDE.Permissible_ADU_Area,Polygon,vector
199,Bonus_unit_boundary,SDE,FeatureClass,Planning,FeatureClass,F:\GIS\DB_CONNECT\Vector.sde\SDE.Planning\SDE.Bonus_unit_boundary,Polygon,vector
200,RegionalLandUse,SDE,FeatureClass,Planning,FeatureClass,F:\GIS\DB_CONNECT\Vector.sde\SDE.Planning\SDE.RegionalLandUse,Polygon,vector
201,District,SDE,FeatureClass,Planning,FeatureClass,F:\GIS\DB_CONNECT\Vector.sde\SDE.Planning\SDE.District,Polygon,vector
202,Placer_SpecialPlanningAreaOverlay,SDE,FeatureClass,Planning,FeatureClass,F:\GIS\DB_CONNECT\Vector.sde\SDE.Planning\SDE.Placer_SpecialPlanningAreaOverlay,Polygon,vector
203,TownCenter,SDE,FeatureClass,Planning,FeatureClass,F:\GIS\DB_CONNECT\Vector.sde\SDE.Planning\SDE.TownCenter,Polygon,vector
204,ScenicCharacterType,SDE,FeatureClass,Scenic,FeatureClass,F:\GIS\DB_CONNECT\Vector.sde\SDE.Scenic\SDE.ScenicCharacterType,Polygon,vector
205,Scenic_Corridor,SDE,FeatureClass,Scenic,FeatureClass,F:\GIS\DB_CONNECT\Vector.sde\SDE.Scenic\SDE.Scenic_Corridor,Polygon,vector
206,Scenic_Viewpoint,SDE,FeatureClass,Scenic,FeatureClass,F:\GIS\DB_CONNECT\Vector.sde\SDE.Scenic\SDE.Scenic_Viewpoint,Point,vector
207,Goshawk_NestBuffer,SDE,FeatureClass,Wildlife,FeatureClass,F:\GIS\DB_CONNECT\Vector.sde\SDE.Wildlife\SDE.Goshawk_NestBuffer,Polygon,vector
208,Bat_Roost,SDE,FeatureClass,Wildlife,FeatureClass,F:\GIS\DB_CONNECT\Vector.sde\SDE.Wildlife\SDE.Bat_Roost,Point,vector
209,Goshawk_Nest,SDE,FeatureClass,Wildlife,FeatureClass,F:\GIS\DB_CONNECT\Vector.sde\SDE.Wildlife\SDE.Goshawk_Nest,Point,vector
210,Goshawk_PAC,SDE,FeatureClass,Wildlife,FeatureClass,F:\GIS\DB_CONNECT\Vector.sde\SDE.Wildlife\SDE.Goshawk_PAC,Polygon,vector
211,SpottedOwl_PAC,SDE,FeatureClass,Wildlife,FeatureClass,F:\GIS\DB_CONNECT\Vector.sde\SDE.Wildlife\SDE.SpottedOwl_PAC,Polygon,vector
212,BaldEagle_Nest,SDE,FeatureClass,Wildlife,FeatureClass,F:\GIS\DB_CONNECT\Vector.sde\SDE.Wildlife\SDE.BaldEagle_Nest,Point,vector
213,DeerFawningHabitat,SDE,FeatureClass,Wildlife,FeatureClass,F:\GIS\DB_CONNECT\Vector.sde\SDE.Wildlife\SDE.DeerFawningHabitat,Polygon,vector
214,Waterfowl_Habitat,SDE,FeatureClass,Wildlife,FeatureClass,F:\GIS\DB_CONNECT\Vector.sde\SDE.Wildlife\SDE.Waterfowl_Habitat,Polygon,vector
215,Osprey_NestBuffer,SDE,FeatureClass,Wildlife,FeatureClass,F:\GIS\DB_CONNECT\Vector.sde\SDE.Wildlife\SDE.Osprey_NestBuffer,Polygon,vector
216,GoldenEagle_NestBuffer,SDE,FeatureClass,Wildlife,FeatureClass,F:\GIS\DB_CONNECT\Vector.sde\SDE.Wildlife\SDE.GoldenEagle_NestBuffer,Polygon,vector
217,SpottedOwl_Nest,SDE,FeatureClass,Wildlife,FeatureClass,F:\GIS\DB_CONNECT\Vector.sde\SDE.Wildlife\SDE.SpottedOwl_Nest,Point,vector
218,BaldEagle_NestBuffer,SDE,FeatureClass,Wildlife,FeatureClass,F:\GIS\DB_CONNECT\Vector.sde\SDE.Wildlife\SDE.BaldEagle_NestBuffer,Polygon,vector
219,Goshawk_SpottedOwl_Buffer_StateParks,SDE,FeatureClass,Wildlife,FeatureClass,F:\GIS\DB_CONNECT\Vector.sde\SDE.Wildlife\SDE.Goshawk_SpottedOwl_Buffer_StateParks,Polygon,vector
220,UrbanDisturbanceGradient,SDE,FeatureClass,Wildlife,FeatureClass,F:\GIS\DB_CONNECT\Vector.sde\SDE.Wildlife\SDE.UrbanDisturbanceGradient,Polygon,vector
221,Wildlife_Biodiversity,SDE,FeatureClass,Wildlife,FeatureClass,F:\GIS\DB_CONNECT\Vector.sde\SDE.Wildlife\SDE.Wildlife_Biodiversity,Point,vector
222,GoldenEagle_Nest,SDE,FeatureClass,Wildlife,FeatureClass,F:\GIS\DB_CONNECT\Vector.sde\SDE.Wildlife\SDE.GoldenEagle_Nest,Point,vector
223,PeregrineFalcon_Nest,SDE,FeatureClass,Wildlife,FeatureClass,F:\GIS\DB_CONNECT\Vector.sde\SDE.Wildlife\SDE.PeregrineFalcon_Nest,Point,vector
224,BaldEagle_WinterHabitat,SDE,FeatureClass,Wildlife,FeatureClass,F:\GIS\DB_CONNECT\Vector.sde\SDE.Wildlife\SDE.BaldEagle_WinterHabitat,Polygon,vector
225,PeregrineFalcon_NestBuffer,SDE,FeatureClass,Wildlife,FeatureClass,F:\GIS\DB_CONNECT\Vector.sde\SDE.Wildlife\SDE.PeregrineFalcon_NestBuffer,Polygon,vector
226,SierraNevadaYellowLeggedFrog_CriticalHabitat,SDE,FeatureClass,Wildlife,FeatureClass,F:\GIS\DB_CONNECT\Vector.sde\SDE.Wildlife\SDE.SierraNevadaYellowLeggedFrog_CriticalHabitat,Polygon,vector
227,Osprey_Nest,SDE,FeatureClass,Wildlife,FeatureClass,F:\GIS\DB_CONNECT\Vector.sde\SDE.Wildlife\SDE.Osprey_Nest,Point,vector
228,SierraNevadaYellowLeggedFrog_SuitableHabitat,SDE,FeatureClass,Wildlife,FeatureClass,F:\GIS\DB_CONNECT\Vector.sde\SDE.Wildlife\SDE.SierraNevadaYellowLeggedFrog_SuitableHabitat,Polygon,vector
229,Goshawk_ThresholdZone,SDE,FeatureClass,Wildlife,FeatureClass,F:\GIS\DB_CONNECT\Vector.sde\SDE.Wildlife\SDE.Goshawk_ThresholdZone,Polygon,vector
230,BatRoost_Buffer,SDE,FeatureClass,Wildlife,FeatureClass,F:\GIS\DB_CONNECT\Vector.sde\SDE.Wildlife\SDE.BatRoost_Buffer,Polygon,vector
231,DisturbanceZones,SDE,FeatureClass,Wildlife,FeatureClass,F:\GIS\DB_CONNECT\Vector.sde\SDE.Wildlife\SDE.DisturbanceZones,Polygon,vector
232,WillowFlycatcher_Habitat,SDE,FeatureClass,Wildlife,FeatureClass,F:\GIS\DB_CONNECT\Vector.sde\SDE.Wildlife\SDE.WillowFlycatcher_Habitat,Polygon,vector
233,Marten_Den,SDE,FeatureClass,Wildlife,FeatureClass,F:\GIS\DB_CONNECT\Vector.sde\SDE.Wildlife\SDE.Marten_Den,Polygon,vector
234,Public_Access,SDE,FeatureClass,Recreation,FeatureClass,F:\GIS\DB_CONNECT\Vector.sde\SDE.Recreation\SDE.Public_Access,Polygon,vector
235,BackcountrySkiing_Parking,SDE,FeatureClass,Recreation,FeatureClass,F:\GIS\DB_CONNECT\Vector.sde\SDE.Recreation\SDE.BackcountrySkiing_Parking,Point,vector
236,Recreation_Trailheads,SDE,FeatureClass,Recreation,FeatureClass,F:\GIS\DB_CONNECT\Vector.sde\SDE.Recreation\SDE.Recreation_Trailheads,Point,vector
237,Recreation_Sites,SDE,FeatureClass,Recreation,FeatureClass,F:\GIS\DB_CONNECT\Vector.sde\SDE.Recreation\SDE.Recreation_Sites,Point,vector
238,Recreation_Trails,SDE,FeatureClass,Recreation,FeatureClass,F:\GIS\DB_CONNECT\Vector.sde\SDE.Recreation\SDE.Recreation_Trails,Polyline,vector
239,Proposed_Trails,SDE,FeatureClass,Recreation,FeatureClass,F:\GIS\DB_CONNECT\Vector.sde\SDE.Recreation\SDE.Proposed_Trails,Polyline,vector
240,Proposed_Trails_Conceptual,SDE,FeatureClass,Recreation,FeatureClass,F:\GIS\DB_CONNECT\Vector.sde\SDE.Recreation\SDE.Proposed_Trails_Conceptual,Polygon,vector
241,Trail_Maintenance_and_Decommission,SDE,FeatureClass,Recreation,FeatureClass,F:\GIS\DB_CONNECT\Vector.sde\SDE.Recreation\SDE.Trail_Maintenance_and_Decommission,Polyline,vector
242,Trails_Strategy_Trailheads,SDE,FeatureClass,Recreation,FeatureClass,F:\GIS\DB_CONNECT\Vector.sde\SDE.Recreation\SDE.Trails_Strategy_Trailheads,Point,vector
243,Beaches,SDE,FeatureClass,Recreation,FeatureClass,F:\GIS\DB_CONNECT\Vector.sde\SDE.Recreation\SDE.Beaches,Point,vector
244,Climbing_Areas,SDE,FeatureClass,Recreation,FeatureClass,F:\GIS\DB_CONNECT\Vector.sde\SDE.Recreation\SDE.Climbing_Areas,Point,vector
245,LCV_Backshore_Boundary,SDE,FeatureClass,Soils,FeatureClass,F:\GIS\DB_CONNECT\Vector.sde\SDE.Soils\SDE.LCV_Backshore_Boundary,Polyline,vector
246,land_capability_NRCS2007,SDE,FeatureClass,Soils,FeatureClass,F:\GIS\DB_CONNECT\Vector.sde\SDE.Soils\SDE.land_capability_NRCS2007,Polygon,vector
247,NRCS_Soils_2014,SDE,FeatureClass,Soils,FeatureClass,F:\GIS\DB_CONNECT\Vector.sde\SDE.Soils\SDE.NRCS_Soils_2014,Polygon,vector
248,TahoeValleyLandCapability,SDE,FeatureClass,Soils,FeatureClass,F:\GIS\DB_CONNECT\Vector.sde\SDE.Soils\SDE.TahoeValleyLandCapability,Polygon,vector
249,geom_unit,SDE,FeatureClass,Soils,FeatureClass,F:\GIS\DB_CONNECT\Vector.sde\SDE.Soils\SDE.geom_unit,Polygon,vector
250,LCV_Setback,SDE,FeatureClass,Soils,FeatureClass,F:\GIS\DB_CONNECT\Vector.sde\SDE.Soils\SDE.LCV_Setback,Polyline,vector
251,NRCS_Soils_2003,SDE,FeatureClass,Soils,FeatureClass,F:\GIS\DB_CONNECT\Vector.sde\SDE.Soils\SDE.NRCS_Soils_2003,Polygon,vector
252,scssoils,SDE,FeatureClass,Soils,FeatureClass,F:\GIS\DB_CONNECT\Vector.sde\SDE.Soils\SDE.scssoils,Polygon,vector
253,geol_trpa,SDE,FeatureClass,Soils,FeatureClass,F:\GIS\DB_CONNECT\Vector.sde\SDE.Soils\SDE.geol_trpa,Polygon,vector
254,NRCS_Soils_1974,SDE,FeatureClass,Soils,FeatureClass,F:\GIS\DB_CONNECT\Vector.sde\SDE.Soils\SDE.NRCS_Soils_1974,Polygon,vector
255,wb_rock,SDE,FeatureClass,Soils,FeatureClass,F:\GIS\DB_CONNECT\Vector.sde\SDE.Soils\SDE.wb_rock,Polygon,vector
256,Land_Capability_Verification,SDE,FeatureClass,Soils,FeatureClass,F:\GIS\DB_CONNECT\Vector.sde\SDE.Soils\SDE.Land_Capability_Verification,Polygon,vector
257,land_capability_P7,SDE,FeatureClass,Soils,FeatureClass,F:\GIS\DB_CONNECT\Vector.sde\SDE.Soils\SDE.land_capability_P7,Polygon,vector
258,geomorphnew,SDE,FeatureClass,Soils,FeatureClass,F:\GIS\DB_CONNECT\Vector.sde\SDE.Soils\SDE.geomorphnew,Polygon,vector
259,land_capability_Sinclair,SDE,FeatureClass,Soils,FeatureClass,F:\GIS\DB_CONNECT\Vector.sde\SDE.Soils\SDE.land_capability_Sinclair,Polygon,vector
260,land_capability_Bailey_Soils,SDE,FeatureClass,Soils,FeatureClass,F:\GIS\DB_CONNECT\Vector.sde\SDE.Soils\SDE.land_capability_Bailey_Soils,Polygon,vector
261,Impervious_2010,SDE,FeatureClass,Impervious,FeatureClass,F:\GIS\DB_CONNECT\Vector.sde\SDE.Impervious\SDE.Impervious_2010,Polygon,vector
262,Transportation_Lines_2010,SDE,FeatureClass,Impervious,FeatureClass,F:\GIS\DB_CONNECT\Vector.sde\SDE.Impervious\SDE.Transportation_Lines_2010,Polyline,vector
263,Buildings_CA_NV,SDE,FeatureClass,Impervious,FeatureClass,F:\GIS\DB_CONNECT\Vector.sde\SDE.Impervious\SDE.Buildings_CA_NV,Polygon,vector
264,Buildings_TahoeArea,SDE,FeatureClass,Impervious,FeatureClass,F:\GIS\DB_CONNECT\Vector.sde\SDE.Impervious\SDE.Buildings_TahoeArea,Polygon,vector
265,Impervious_2010_Cleaned,SDE,FeatureClass,Impervious,FeatureClass,F:\GIS\DB_CONNECT\Vector.sde\SDE.Impervious\SDE.Impervious_2010_Cleaned,Polygon,vector
266,Impervious_Change_2010_2019,SDE,FeatureClass,Impervious,FeatureClass,F:\GIS\DB_CONNECT\Vector.sde\SDE.Impervious\SDE.Impervious_Change_2010_2019,Polygon,vector
267,Impervious_2019,SDE,FeatureClass,Impervious,FeatureClass,F:\GIS\DB_CONNECT\Vector.sde\SDE.Impervious\SDE.Impervious_2019,Polygon,vector
268,ParcelPoints,SDE,FeatureClass,Parcels,FeatureClass,F:\GIS\DB_CONNECT\Vector.sde\SDE.Parcels\SDE.ParcelPoints,Point,vector
269,Parcels_Base,SDE,FeatureClass,Parcels,FeatureClass,F:\GIS\DB_CONNECT\Vector.sde\SDE.Parcels\SDE.Parcels_Base,Polygon,vector
270,Parcel_Master,SDE,FeatureClass,Parcels,FeatureClass,F:\GIS\DB_CONNECT\Vector.sde\SDE.Parcels\SDE.Parcel_Master,Polygon,vector
271,Parcel_History,SDE,FeatureClass,Parcels,FeatureClass,F:\GIS\DB_CONNECT\Vector.sde\SDE.Parcels\SDE.Parcel_History,Point,vector
272,Parcel_History_Attributed,SDE,FeatureClass,Parcels,FeatureClass,F:\GIS\DB_CONNECT\Vector.sde\SDE.Parcels\SDE.Parcel_History_Attributed,Polygon,vector
273,Parcel_XAPO,SDE,FeatureClass,Parcels,FeatureClass,F:\GIS\DB_CONNECT\Vector.sde\SDE.Parcels\SDE.Parcel_XAPO,Point,vector
274,Aspect,SDE,FeatureClass,Physiography,FeatureClass,F:\GIS\DB_CONNECT\Vector.sde\SDE.Physiography\SDE.Aspect,Polygon,vector
275,Contour200,SDE,FeatureClass,Physiography,FeatureClass,F:\GIS\DB_CONNECT\Vector.sde\SDE.Physiography\SDE.Contour200,Polyline,vector
276,Contour40,SDE,FeatureClass,Physiography,FeatureClass,F:\GIS\DB_CONNECT\Vector.sde\SDE.Physiography\SDE.Contour40,Polyline,vector
277,Peaks,SDE,FeatureClass,Physiography,FeatureClass,F:\GIS\DB_CONNECT\Vector.sde\SDE.Physiography\SDE.Peaks,Point,vector
278,Slope,SDE,FeatureClass,Physiography,FeatureClass,F:\GIS\DB_CONNECT\Vector.sde\SDE.Physiography\SDE.Slope,Polygon,vector
279,Contour10,SDE,FeatureClass,Physiography,FeatureClass,F:\GIS\DB_CONNECT\Vector.sde\SDE.Physiography\SDE.Contour10,Polyline,vector
280,HighWater_6229ft,SDE,FeatureClass,Physiography,FeatureClass,F:\GIS\DB_CONNECT\Vector.sde\SDE.Physiography\SDE.HighWater_6229ft,Polyline,vector
281,GeneralizedContour_6210ft,SDE,FeatureClass,Physiography,FeatureClass,F:\GIS\DB_CONNECT\Vector.sde\SDE.Physiography\SDE.GeneralizedContour_6210ft,Polyline,vector
282,GeneralizedContour_6219ft,SDE,FeatureClass,Physiography,FeatureClass,F:\GIS\DB_CONNECT\Vector.sde\SDE.Physiography\SDE.GeneralizedContour_6219ft,Polyline,vector
283,GeneralizedContour_6220ft,SDE,FeatureClass,Physiography,FeatureClass,F:\GIS\DB_CONNECT\Vector.sde\SDE.Physiography\SDE.GeneralizedContour_6220ft,Polyline,vector
284,GeneralizedContour_6223ft,SDE,FeatureClass,Physiography,FeatureClass,F:\GIS\DB_CONNECT\Vector.sde\SDE.Physiography\SDE.GeneralizedContour_6223ft,Polyline,vector
285,NaturalRim_6223ft,SDE,FeatureClass,Physiography,FeatureClass,F:\GIS\DB_CONNECT\Vector.sde\SDE.Physiography\SDE.NaturalRim_6223ft,Polyline,vector
286,BathymetryContour_6220ft,SDE,FeatureClass,Physiography,FeatureClass,F:\GIS\DB_CONNECT\Vector.sde\SDE.Physiography\SDE.BathymetryContour_6220ft,Polyline,vector
287,BathymetryContour_6219ft,SDE,FeatureClass,Physiography,FeatureClass,F:\GIS\DB_CONNECT\Vector.sde\SDE.Physiography\SDE.BathymetryContour_6219ft,Polyline,vector
288,BathymetryContour_6210ft,SDE,FeatureClass,Physiography,FeatureClass,F:\GIS\DB_CONNECT\Vector.sde\SDE.Physiography\SDE.BathymetryContour_6210ft,Polyline,vector
289,Slope_Class,SDE,FeatureClass,Physiography,FeatureClass,F:\GIS\DB_CONNECT\Vector.sde\SDE.Physiography\SDE.Slope_Class,Polygon,vector
290,Avalanche_Zones,SDE,FeatureClass,Physiography,FeatureClass,F:\GIS\DB_CONNECT\Vector.sde\SDE.Physiography\SDE.Avalanche_Zones,Polygon,vector
291,veg04final,SDE,FeatureClass,Vegetation,FeatureClass,F:\GIS\DB_CONNECT\Vector.sde\SDE.Vegetation\SDE.veg04final,Polygon,vector
292,wetland,SDE,FeatureClass,Vegetation,FeatureClass,F:\GIS\DB_CONNECT\Vector.sde\SDE.Vegetation\SDE.wetland,Polygon,vector
293,TahoeYellowcress,SDE,FeatureClass,Vegetation,FeatureClass,F:\GIS\DB_CONNECT\Vector.sde\SDE.Vegetation\SDE.TahoeYellowcress,Polygon,vector
294,TreeMortality_HighHazardZones_Tier1,SDE,FeatureClass,Vegetation,FeatureClass,F:\GIS\DB_CONNECT\Vector.sde\SDE.Vegetation\SDE.TreeMortality_HighHazardZones_Tier1,Polygon,vector
295,TreeMortality_HighHazardZones_Tier2,SDE,FeatureClass,Vegetation,FeatureClass,F:\GIS\DB_CONNECT\Vector.sde\SDE.Vegetation\SDE.TreeMortality_HighHazardZones_Tier2,Polygon,vector
296,USFS_ForestVegetationImproved,SDE,FeatureClass,Vegetation,FeatureClass,F:\GIS\DB_CONNECT\Vector.sde\SDE.Vegetation\SDE.USFS_ForestVegetationImproved,Polygon,vector
297,USFS_TimberHarvest,SDE,FeatureClass,Vegetation,FeatureClass,F:\GIS\DB_CONNECT\Vector.sde\SDE.Vegetation\SDE.USFS_TimberHarvest,Polygon,vector
298,USFS_SensitivePlants,SDE,FeatureClass,Vegetation,FeatureClass,F:\GIS\DB_CONNECT\Vector.sde\SDE.Vegetation\SDE.USFS_SensitivePlants,Polygon,vector
299,Aspen,SDE,FeatureClass,Vegetation,FeatureClass,F:\GIS\DB_CONNECT\Vector.sde\SDE.Vegetation\SDE.Aspen,Polygon,vector
300,AquaticVegetation_SubSurface,SDE,FeatureClass,Vegetation,FeatureClass,F:\GIS\DB_CONNECT\Vector.sde\SDE.Vegetation\SDE.AquaticVegetation_SubSurface,Polygon,vector
301,AquaticVegetation_SurveyZone,SDE,FeatureClass,Vegetation,FeatureClass,F:\GIS\DB_CONNECT\Vector.sde\SDE.Vegetation\SDE.AquaticVegetation_SurveyZone,Polygon,vector
302,Vegetation_Ecobject_2010,SDE,FeatureClass,Vegetation,FeatureClass,F:\GIS\DB_CONNECT\Vector.sde\SDE.Vegetation\SDE.Vegetation_Ecobject_2010,Polygon,vector
303,ForestManagementZone_Identity_TreeMortality2023,SDE,FeatureClass,Vegetation,FeatureClass,F:\GIS\DB_CONNECT\Vector.sde\SDE.Vegetation\SDE.ForestManagementZone_Identity_TreeMortality2023,Polygon,vector
304,TreeMortality_AerialDetectionSurvey_2023,SDE,FeatureClass,Vegetation,FeatureClass,F:\GIS\DB_CONNECT\Vector.sde\SDE.Vegetation\SDE.TreeMortality_AerialDetectionSurvey_2023,Polygon,vector
305,AquaticInvasivePlants_ControlSites,SDE,FeatureClass,Vegetation,FeatureClass,F:\GIS\DB_CONNECT\Vector.sde\SDE.Vegetation\SDE.AquaticInvasivePlants_ControlSites,Point,vector
306,Caldor_ModerateHigh_BurnSeverity,SDE,FeatureClass,Vegetation,FeatureClass,F:\GIS\DB_CONNECT\Vector.sde\SDE.Vegetation\SDE.Caldor_ModerateHigh_BurnSeverity,Polygon,vector
307,StandDensity_Classified_F3_SNRRK_Tahoe_Dissolve,SDE,FeatureClass,Vegetation,FeatureClass,F:\GIS\DB_CONNECT\Vector.sde\SDE.Vegetation\SDE.StandDensity_Classified_F3_SNRRK_Tahoe_Dissolve,Polygon,vector
308,SeralStage_Canopy_F3_SNRRK_Tahoe_Dissolve,SDE,FeatureClass,Vegetation,FeatureClass,F:\GIS\DB_CONNECT\Vector.sde\SDE.Vegetation\SDE.SeralStage_Canopy_F3_SNRRK_Tahoe_Dissolve,Polygon,vector
309,TransitStop_Buffer_QuarterMile,SDE,FeatureClass,Transportation,FeatureClass,F:\GIS\DB_CONNECT\Vector.sde\SDE.Transportation\SDE.TransitStop_Buffer_QuarterMile,Polygon,vector
310,County_Roads_Jurisdiction,SDE,FeatureClass,Transportation,FeatureClass,F:\GIS\DB_CONNECT\Vector.sde\SDE.Transportation\SDE.County_Roads_Jurisdiction,Polyline,vector
311,Waterborne_Transit_Proposed,SDE,FeatureClass,Transportation,FeatureClass,F:\GIS\DB_CONNECT\Vector.sde\SDE.Transportation\SDE.Waterborne_Transit_Proposed,Polyline,vector
312,bike_ped_counter_spatial,SDE,FeatureClass,Transportation,FeatureClass,F:\GIS\DB_CONNECT\Vector.sde\SDE.Transportation\SDE.bike_ped_counter_spatial,Point,vector
313,Tahoe_Intersections,SDE,FeatureClass,Transportation,FeatureClass,F:\GIS\DB_CONNECT\Vector.sde\SDE.Transportation\SDE.Tahoe_Intersections,Point,vector
314,Transportation_Equity_Study_Tesselation,SDE,FeatureClass,Transportation,FeatureClass,F:\GIS\DB_CONNECT\Vector.sde\SDE.Transportation\SDE.Transportation_Equity_Study_Tesselation,Polygon,vector
315,Congestion,SDE,FeatureClass,Transportation,FeatureClass,F:\GIS\DB_CONNECT\Vector.sde\SDE.Transportation\SDE.Congestion,Polyline,vector
316,Occupancy_Rate_Zones,SDE,FeatureClass,Transportation,FeatureClass,F:\GIS\DB_CONNECT\Vector.sde\SDE.Transportation\SDE.Occupancy_Rate_Zones,Polygon,vector
317,MileMarker,SDE,FeatureClass,Transportation,FeatureClass,F:\GIS\DB_CONNECT\Vector.sde\SDE.Transportation\SDE.MileMarker,Point,vector
318,Major_Highways,SDE,FeatureClass,Transportation,FeatureClass,F:\GIS\DB_CONNECT\Vector.sde\SDE.Transportation\SDE.Major_Highways,Polyline,vector
319,Proposed_Active_Transportation_Facilities_Buffer_75ft,SDE,FeatureClass,Transportation,FeatureClass,F:\GIS\DB_CONNECT\Vector.sde\SDE.Transportation\SDE.Proposed_Active_Transportation_Facilities_Buffer_75ft,Polygon,vector
320,Transportation_Analysis_Zone,SDE,FeatureClass,Transportation,FeatureClass,F:\GIS\DB_CONNECT\Vector.sde\SDE.Transportation\SDE.Transportation_Analysis_Zone,Polygon,vector
321,SR89_ManagementPlan_RoadBuffer,SDE,FeatureClass,Transportation,FeatureClass,F:\GIS\DB_CONNECT\Vector.sde\SDE.Transportation\SDE.SR89_ManagementPlan_RoadBuffer,Polygon,vector
322,TransitStop_Walkshed_OneMile,SDE,FeatureClass,Transportation,FeatureClass,F:\GIS\DB_CONNECT\Vector.sde\SDE.Transportation\SDE.TransitStop_Walkshed_OneMile,Polygon,vector
323,Shared_Use_Paths_75ft_Buffer,SDE,FeatureClass,Transportation,FeatureClass,F:\GIS\DB_CONNECT\Vector.sde\SDE.Transportation\SDE.Shared_Use_Paths_75ft_Buffer,Polygon,vector
324,High_Injury_Network_OSM,SDE,FeatureClass,Transportation,FeatureClass,F:\GIS\DB_CONNECT\Vector.sde\SDE.Transportation\SDE.High_Injury_Network_OSM,Polyline,vector
325,Travel_Survey_2018,SDE,FeatureClass,Transportation,FeatureClass,F:\GIS\DB_CONNECT\Vector.sde\SDE.Transportation\SDE.Travel_Survey_2018,Point,vector
326,EVSE_Workplace_Charging_Score_TPRA,SDE,FeatureClass,Transportation,FeatureClass,F:\GIS\DB_CONNECT\Vector.sde\SDE.Transportation\SDE.EVSE_Workplace_Charging_Score_TPRA,Polygon,vector
327,PIA_Zones,SDE,FeatureClass,Transportation,FeatureClass,F:\GIS\DB_CONNECT\Vector.sde\SDE.Transportation\SDE.PIA_Zones,Polygon,vector
328,Corridor,SDE,FeatureClass,Transportation,FeatureClass,F:\GIS\DB_CONNECT\Vector.sde\SDE.Transportation\SDE.Corridor,Polygon,vector
329,SR89_ManagementPlan_Parcels,SDE,FeatureClass,Transportation,FeatureClass,F:\GIS\DB_CONNECT\Vector.sde\SDE.Transportation\SDE.SR89_ManagementPlan_Parcels,Polygon,vector
330,TransitStop_Walkshed_QuarterMile,SDE,FeatureClass,Transportation,FeatureClass,F:\GIS\DB_CONNECT\Vector.sde\SDE.Transportation\SDE.TransitStop_Walkshed_QuarterMile,Polygon,vector
331,USFS_Transportation_ln,SDE,FeatureClass,Transportation,FeatureClass,F:\GIS\DB_CONNECT\Vector.sde\SDE.Transportation\SDE.USFS_Transportation_ln,Polyline,vector
332,USFS_Roads,SDE,FeatureClass,Transportation,FeatureClass,F:\GIS\DB_CONNECT\Vector.sde\SDE.Transportation\SDE.USFS_Roads,Polyline,vector
333,Bicycle_Level_of_Traffic_Stress_Intersections,SDE,FeatureClass,Transportation,FeatureClass,F:\GIS\DB_CONNECT\Vector.sde\SDE.Transportation\SDE.Bicycle_Level_of_Traffic_Stress_Intersections,Point,vector
334,EVSE_Workplace_Charging_Score_filtered,SDE,FeatureClass,Transportation,FeatureClass,F:\GIS\DB_CONNECT\Vector.sde\SDE.Transportation\SDE.EVSE_Workplace_Charging_Score_filtered,Polygon,vector
335,TransitStop_Walkshed_HalfMile,SDE,FeatureClass,Transportation,FeatureClass,F:\GIS\DB_CONNECT\Vector.sde\SDE.Transportation\SDE.TransitStop_Walkshed_HalfMile,Polygon,vector
336,ExistingBikeRacks,SDE,FeatureClass,Transportation,FeatureClass,F:\GIS\DB_CONNECT\Vector.sde\SDE.Transportation\SDE.ExistingBikeRacks,Point,vector
337,Traffic_Count_Stations,SDE,FeatureClass,Transportation,FeatureClass,F:\GIS\DB_CONNECT\Vector.sde\SDE.Transportation\SDE.Traffic_Count_Stations,Point,vector
338,TTD_Paratransit_1Mile,SDE,FeatureClass,Transportation,FeatureClass,F:\GIS\DB_CONNECT\Vector.sde\SDE.Transportation\SDE.TTD_Paratransit_1Mile,Polygon,vector
339,Tahoe_OSM_Streets,SDE,FeatureClass,Transportation,FeatureClass,F:\GIS\DB_CONNECT\Vector.sde\SDE.Transportation\SDE.Tahoe_OSM_Streets,Polyline,vector
340,TravelTime_Segments,SDE,FeatureClass,Transportation,FeatureClass,F:\GIS\DB_CONNECT\Vector.sde\SDE.Transportation\SDE.TravelTime_Segments,Polyline,vector
341,Traffic_Volumes,SDE,FeatureClass,Transportation,FeatureClass,F:\GIS\DB_CONNECT\Vector.sde\SDE.Transportation\SDE.Traffic_Volumes,Point,vector
342,Proposed_Transit_Network_Short_Term,SDE,FeatureClass,Transportation,FeatureClass,F:\GIS\DB_CONNECT\Vector.sde\SDE.Transportation\SDE.Proposed_Transit_Network_Short_Term,Polyline,vector
343,Existing_Active_Transportation_Facilities,SDE,FeatureClass,Transportation,FeatureClass,F:\GIS\DB_CONNECT\Vector.sde\SDE.Transportation\SDE.Existing_Active_Transportation_Facilities,Polyline,vector
344,AutoEntryPoint,SDE,FeatureClass,Transportation,FeatureClass,F:\GIS\DB_CONNECT\Vector.sde\SDE.Transportation\SDE.AutoEntryPoint,Point,vector
345,Existing_Active_Transportation_Facilities_Buffer_75ft,SDE,FeatureClass,Transportation,FeatureClass,F:\GIS\DB_CONNECT\Vector.sde\SDE.Transportation\SDE.Existing_Active_Transportation_Facilities_Buffer_75ft,Polygon,vector
346,Mobility_Hub,SDE,FeatureClass,Transportation,FeatureClass,F:\GIS\DB_CONNECT\Vector.sde\SDE.Transportation\SDE.Mobility_Hub,Polygon,vector
347,TTD_Paratransit_Extended,SDE,FeatureClass,Transportation,FeatureClass,F:\GIS\DB_CONNECT\Vector.sde\SDE.Transportation\SDE.TTD_Paratransit_Extended,Polygon,vector
348,Tahoe_Crash,SDE,FeatureClass,Transportation,FeatureClass,F:\GIS\DB_CONNECT\Vector.sde\SDE.Transportation\SDE.Tahoe_Crash,Point,vector
349,WinterTrafficVolume_CountLocation,SDE,FeatureClass,Transportation,FeatureClass,F:\GIS\DB_CONNECT\Vector.sde\SDE.Transportation\SDE.WinterTrafficVolume_CountLocation,Point,vector
350,Tahoe_Parking_Lots,SDE,FeatureClass,Transportation,FeatureClass,F:\GIS\DB_CONNECT\Vector.sde\SDE.Transportation\SDE.Tahoe_Parking_Lots,Polygon,vector
351,Crashes_HotSpots,SDE,FeatureClass,Transportation,FeatureClass,F:\GIS\DB_CONNECT\Vector.sde\SDE.Transportation\SDE.Crashes_HotSpots,Polyline,vector
352,Proposed_Active_Transportation_Facilities,SDE,FeatureClass,Transportation,FeatureClass,F:\GIS\DB_CONNECT\Vector.sde\SDE.Transportation\SDE.Proposed_Active_Transportation_Facilities,Polyline,vector
353,EVSE_Public_Charging_Score_TPRA,SDE,FeatureClass,Transportation,FeatureClass,F:\GIS\DB_CONNECT\Vector.sde\SDE.Transportation\SDE.EVSE_Public_Charging_Score_TPRA,Polygon,vector
354,Electric_Vehicle_Charging_Station,SDE,FeatureClass,Transportation,FeatureClass,F:\GIS\DB_CONNECT\Vector.sde\SDE.Transportation\SDE.Electric_Vehicle_Charging_Station,Point,vector
355,High_Injury_Network_ModeStacked,SDE,FeatureClass,Transportation,FeatureClass,F:\GIS\DB_CONNECT\Vector.sde\SDE.Transportation\SDE.High_Injury_Network_ModeStacked,Polyline,vector
356,Sidewalk_Assessment_Districts,SDE,FeatureClass,Transportation,FeatureClass,F:\GIS\DB_CONNECT\Vector.sde\SDE.Transportation\SDE.Sidewalk_Assessment_Districts,Polygon,vector
357,Tahoe_Bus_Stops,SDE,FeatureClass,Transportation,FeatureClass,F:\GIS\DB_CONNECT\Vector.sde\SDE.Transportation\SDE.Tahoe_Bus_Stops,Point,vector
358,ProposedBikeRacks,SDE,FeatureClass,Transportation,FeatureClass,F:\GIS\DB_CONNECT\Vector.sde\SDE.Transportation\SDE.ProposedBikeRacks,Point,vector
359,Microtransit_Service_Areas,SDE,FeatureClass,Transportation,FeatureClass,F:\GIS\DB_CONNECT\Vector.sde\SDE.Transportation\SDE.Microtransit_Service_Areas,Polygon,vector
360,Tahoe_Transit_Routes,SDE,FeatureClass,Transportation,FeatureClass,F:\GIS\DB_CONNECT\Vector.sde\SDE.Transportation\SDE.Tahoe_Transit_Routes,Polyline,vector
361,TransitStop_Buffer_HalfMile,SDE,FeatureClass,Transportation,FeatureClass,F:\GIS\DB_CONNECT\Vector.sde\SDE.Transportation\SDE.TransitStop_Buffer_HalfMile,Polygon,vector
362,Pedestrian_Experience_Index,SDE,FeatureClass,Transportation,FeatureClass,F:\GIS\DB_CONNECT\Vector.sde\SDE.Transportation\SDE.Pedestrian_Experience_Index,Polyline,vector
363,Primary_Transit_Routes,SDE,FeatureClass,Transportation,FeatureClass,F:\GIS\DB_CONNECT\Vector.sde\SDE.Transportation\SDE.Primary_Transit_Routes,Polyline,vector
364,EVSE_Public_Charging_Score_filtered,SDE,FeatureClass,Transportation,FeatureClass,F:\GIS\DB_CONNECT\Vector.sde\SDE.Transportation\SDE.EVSE_Public_Charging_Score_filtered,Polygon,vector
365,Streets,SDE,FeatureClass,Transportation,FeatureClass,F:\GIS\DB_CONNECT\Vector.sde\SDE.Transportation\SDE.Streets,Polyline,vector
366,Proposed_Ferry_Routes,SDE,FeatureClass,Transportation,FeatureClass,F:\GIS\DB_CONNECT\Vector.sde\SDE.Transportation\SDE.Proposed_Ferry_Routes,Polyline,vector
367,Bicycle_Level_of_Traffic_Stress,SDE,FeatureClass,Transportation,FeatureClass,F:\GIS\DB_CONNECT\Vector.sde\SDE.Transportation\SDE.Bicycle_Level_of_Traffic_Stress,Polyline,vector
368,MajorHighways_QuarterMile_Buffer,SDE,FeatureClass,Transportation,FeatureClass,F:\GIS\DB_CONNECT\Vector.sde\SDE.Transportation\SDE.MajorHighways_QuarterMile_Buffer,Polygon,vector
369,Tahoe_Transit_Routes_Consolidated,SDE,FeatureClass,Transportation,FeatureClass,F:\GIS\DB_CONNECT\Vector.sde\SDE.Transportation\SDE.Tahoe_Transit_Routes_Consolidated,Polyline,vector
370,PAH_Buoys,SDE,FeatureClass,WaterQuality,FeatureClass,F:\GIS\DB_CONNECT\Vector.sde\SDE.WaterQuality\SDE.PAH_Buoys,Point,vector
371,TRG_Buoys,SDE,FeatureClass,WaterQuality,FeatureClass,F:\GIS\DB_CONNECT\Vector.sde\SDE.WaterQuality\SDE.TRG_Buoys,Point,vector
372,SourceWater,SDE,FeatureClass,WaterQuality,FeatureClass,F:\GIS\DB_CONNECT\Vector.sde\SDE.WaterQuality\SDE.SourceWater,Point,vector
373,SourceWater_600Buff,SDE,FeatureClass,WaterQuality,FeatureClass,F:\GIS\DB_CONNECT\Vector.sde\SDE.WaterQuality\SDE.SourceWater_600Buff,Polygon,vector
374,LTIMP_Monitoring_Sites,SDE,FeatureClass,WaterQuality,FeatureClass,F:\GIS\DB_CONNECT\Vector.sde\SDE.WaterQuality\SDE.LTIMP_Monitoring_Sites,Point,vector
375,TMDL_Catchment,SDE,FeatureClass,WaterQuality,FeatureClass,F:\GIS\DB_CONNECT\Vector.sde\SDE.WaterQuality\SDE.TMDL_Catchment,Polygon,vector
376,WatershedErosionPrediction_CurrentCondition_USFS,SDE,FeatureClass,WaterQuality,FeatureClass,F:\GIS\DB_CONNECT\Vector.sde\SDE.WaterQuality\SDE.WatershedErosionPrediction_CurrentCondition_USFS,Polygon,vector
377,Water_Clarity,SDE,FeatureClass,Monitoring,FeatureClass,F:\GIS\DB_CONNECT\Vector.sde\SDE.Monitoring\SDE.Water_Clarity,Point,vector
378,Air_Quality,SDE,FeatureClass,Monitoring,FeatureClass,F:\GIS\DB_CONNECT\Vector.sde\SDE.Monitoring\SDE.Air_Quality,Point,vector
379,Periphyton,SDE,FeatureClass,Monitoring,FeatureClass,F:\GIS\DB_CONNECT\Vector.sde\SDE.Monitoring\SDE.Periphyton,Point,vector
380,Plan_Area_Noise,SDE,FeatureClass,Monitoring,FeatureClass,F:\GIS\DB_CONNECT\Vector.sde\SDE.Monitoring\SDE.Plan_Area_Noise,Point,vector
381,Shore_Noise,SDE,FeatureClass,Monitoring,FeatureClass,F:\GIS\DB_CONNECT\Vector.sde\SDE.Monitoring\SDE.Shore_Noise,Point,vector
382,Stream,SDE,FeatureClass,Monitoring,FeatureClass,F:\GIS\DB_CONNECT\Vector.sde\SDE.Monitoring\SDE.Stream,Point,vector
383,Transportation_Noise,SDE,FeatureClass,Monitoring,FeatureClass,F:\GIS\DB_CONNECT\Vector.sde\SDE.Monitoring\SDE.Transportation_Noise,Point,vector
384,Yellow_Cress,SDE,FeatureClass,Monitoring,FeatureClass,F:\GIS\DB_CONNECT\Vector.sde\SDE.Monitoring\SDE.Yellow_Cress,Point,vector
385,Lake_Clarity_Station,SDE,FeatureClass,Monitoring,FeatureClass,F:\GIS\DB_CONNECT\Vector.sde\SDE.Monitoring\SDE.Lake_Clarity_Station,Point,vector
386,Inspection_Station,SDE,FeatureClass,Monitoring,FeatureClass,F:\GIS\DB_CONNECT\Vector.sde\SDE.Monitoring\SDE.Inspection_Station,Point,vector
387,Periphyton_Monitoring_Sites,SDE,FeatureClass,Monitoring,FeatureClass,F:\GIS\DB_CONNECT\Vector.sde\SDE.Monitoring\SDE.Periphyton_Monitoring_Sites,Point,vector
388,Clarity_Tracker_Project,SDE,FeatureClass,Monitoring,FeatureClass,F:\GIS\DB_CONNECT\Vector.sde\SDE.Monitoring\SDE.Clarity_Tracker_Project,Point,vector
389,SEZ_Assessment_Unit,SDE,FeatureClass,Monitoring,FeatureClass,F:\GIS\DB_CONNECT\Vector.sde\SDE.Monitoring\SDE.SEZ_Assessment_Unit,Polygon,vector
390,PLSS,SDE,FeatureClass,Index,FeatureClass,F:\GIS\DB_CONNECT\Vector.sde\SDE.Index\SDE.PLSS,Polygon,vector
391,Template,SDE,FeatureClass,Index,FeatureClass,F:\GIS\DB_CONNECT\Vector.sde\SDE.Index\SDE.Template,Polygon,vector
392,Quads,SDE,FeatureClass,Index,FeatureClass,F:\GIS\DB_CONNECT\Vector.sde\SDE.Index\SDE.Quads,Polygon,vector
393,AssessorMapIndex_1987,SDE,FeatureClass,Index,FeatureClass,F:\GIS\DB_CONNECT\Vector.sde\SDE.Index\SDE.AssessorMapIndex_1987,Polygon,vector
394,IKONOS_Key,SDE,FeatureClass,Index,FeatureClass,F:\GIS\DB_CONNECT\Vector.sde\SDE.Index\SDE.IKONOS_Key,Polygon,vector
395,PASMap,SDE,FeatureClass,Index,FeatureClass,F:\GIS\DB_CONNECT\Vector.sde\SDE.Index\SDE.PASMap,Polygon,vector
396,AerialPhotoIndex_1971,SDE,FeatureClass,Index,FeatureClass,F:\GIS\DB_CONNECT\Vector.sde\SDE.Index\SDE.AerialPhotoIndex_1971,Polygon,vector
397,Index_Tesselation,SDE,FeatureClass,Index,FeatureClass,F:\GIS\DB_CONNECT\Vector.sde\SDE.Index\SDE.Index_Tesselation,Polygon,vector
398,EarthquakeFaults,SDE,FeatureClass,Geology,FeatureClass,F:\GIS\DB_CONNECT\Vector.sde\SDE.Geology\SDE.EarthquakeFaults,Polyline,vector
399,USCensusTracts_withAssessedValues,SDE,FeatureClass,National,FeatureClass,F:\GIS\DB_CONNECT\Vector.sde\SDE.National\SDE.USCensusTracts_withAssessedValues,Polygon,vector
400,CongressionalDistricts_withAssessedValues,SDE,FeatureClass,National,FeatureClass,F:\GIS\DB_CONNECT\Vector.sde\SDE.National\SDE.CongressionalDistricts_withAssessedValues,Polygon,vector
0,Layers_with_Descriptions,SDE,Table,,Table,F:\GIS\DB_CONNECT\Collection.sde\SDE.Layers_with_Descriptions,,collect
1,RTP_All_Projects_Polygon_Comments_Table,SDE,Table,,Table,F:\GIS\DB_CONNECT\Collection.sde\SDE.RTP_All_Projects_Polygon_Comments_Table,,collect
2,Trail_Polling_Comments,SDE,Table,,Table,F:\GIS\DB_CONNECT\Collection.sde\SDE.Trail_Polling_Comments,,collect
3,Falcon_Observation,SDE,Table,,Table,F:\GIS\DB_CONNECT\Collection.sde\SDE.Falcon_Observation,,collect
4,Falcon_Site__ATTACH,SDE,Table,,Table,F:\GIS\DB_CONNECT\Collection.sde\SDE.Falcon_Site__ATTACH,,collect
5,Osprey_Nest_Photo__ATTACH,SDE,Table,,Table,F:\GIS\DB_CONNECT\Collection.sde\SDE.Osprey_Nest_Photo__ATTACH,,collect
6,sez_channel_incision__ATTACH,SDE,Table,,Table,F:\GIS\DB_CONNECT\Collection.sde\SDE.sez_channel_incision__ATTACH,,collect
7,sez_invasive_plant__ATTACH,SDE,Table,,Table,F:\GIS\DB_CONNECT\Collection.sde\SDE.sez_invasive_plant__ATTACH,,collect
8,sez_photos__ATTACH,SDE,Table,,Table,F:\GIS\DB_CONNECT\Collection.sde\SDE.sez_photos__ATTACH,,collect
9,sez_stream_headcut__ATTACH,SDE,Table,,Table,F:\GIS\DB_CONNECT\Collection.sde\SDE.sez_stream_headcut__ATTACH,,collect
10,SEZ_Photo_2022__ATTACH,SDE,Table,,Table,F:\GIS\DB_CONNECT\Collection.sde\SDE.SEZ_Photo_2022__ATTACH,,collect
11,Stream_Erosion__ATTACH,SDE,Table,,Table,F:\GIS\DB_CONNECT\Collection.sde\SDE.Stream_Erosion__ATTACH,,collect
12,Noise_Photo__ATTACH,SDE,Table,,Table,F:\GIS\DB_CONNECT\Collection.sde\SDE.Noise_Photo__ATTACH,,collect
13,StreamBio_Photo__ATTACH,SDE,Table,,Table,F:\GIS\DB_CONNECT\Collection.sde\SDE.StreamBio_Photo__ATTACH,,collect
14,Scenic_Photo_Point__ATTACH,SDE,Table,,Table,F:\GIS\DB_CONNECT\Collection.sde\SDE.Scenic_Photo_Point__ATTACH,,collect
15,Stream_CSCI_RawScore,SDE,Table,,Table,F:\GIS\DB_CONNECT\Collection.sde\SDE.Stream_CSCI_RawScore,,collect
16,Mooring_Info,SDE,Table,,Table,F:\GIS\DB_CONNECT\Collection.sde\SDE.Mooring_Info,,collect
17,Mooring_Tag,SDE,Table,,Table,F:\GIS\DB_CONNECT\Collection.sde\SDE.Mooring_Tag,,collect
18,Mooring__ATTACH,SDE,Table,,Table,F:\GIS\DB_CONNECT\Collection.sde\SDE.Mooring__ATTACH,,collect
19,eDNA_Sample__ATTACH,SDE,Table,,Table,F:\GIS\DB_CONNECT\Collection.sde\SDE.eDNA_Sample__ATTACH,,collect
20,Osprey_Nest_Location__ATTACH,SDE,Table,,Table,F:\GIS\DB_CONNECT\Collection.sde\SDE.Osprey_Nest_Location__ATTACH,,collect
21,AccessoryDwellingUnit,SDE,Table,,Table,F:\GIS\DB_CONNECT\Collection.sde\SDE.AccessoryDwellingUnit,,collect
22,ResidentialBonusUnit,SDE,Table,,Table,F:\GIS\DB_CONNECT\Collection.sde\SDE.ResidentialBonusUnit,,collect
23,Bioassessment_sites_2023__ATTACH,SDE,Table,,Table,F:\GIS\DB_CONNECT\Collection.sde\SDE.Bioassessment_sites_2023__ATTACH,,collect
24,TTD_SMART_VRU_Counts_All,SDE,Table,,Table,F:\GIS\DB_CONNECT\Collection.sde\SDE.TTD_SMART_VRU_Counts_All,,collect
25,TTD_SMART_Vehicle_Counts_All,SDE,Table,,Table,F:\GIS\DB_CONNECT\Collection.sde\SDE.TTD_SMART_Vehicle_Counts_All,,collect
26,TTD_SMART_Speed_All,SDE,Table,,Table,F:\GIS\DB_CONNECT\Collection.sde\SDE.TTD_SMART_Speed_All,,collect
27,TTD_SMART_Safety_Insights,SDE,Table,,Table,F:\GIS\DB_CONNECT\Collection.sde\SDE.TTD_SMART_Safety_Insights,,collect
28,Parcel_Permit_Review_Attributes,SDE,Table,,Table,F:\GIS\DB_CONNECT\Collection.sde\SDE.Parcel_Permit_Review_Attributes,,collect
29,Parcel_Soil_Type,SDE,Table,,Table,F:\GIS\DB_CONNECT\Collection.sde\SDE.Parcel_Soil_Type,,collect
30,TTD_SMART_TrafficCameraLocations__ATTACH,SDE,Table,,Table,F:\GIS\DB_CONNECT\Collection.sde\SDE.TTD_SMART_TrafficCameraLocations__ATTACH,,collect
31,TTD_SMART_Daily_Vehicle_Counts,SDE,Table,,Table,F:\GIS\DB_CONNECT\Collection.sde\SDE.TTD_SMART_Daily_Vehicle_Counts,,collect
32,SDE_compress_log,sde,Table,,Table,F:\GIS\DB_CONNECT\Collection.sde\sde.SDE_compress_log,,collect
33,Sites_2023,SDE,FeatureClass,,FeatureClass,F:\GIS\DB_CONNECT\Collection.sde\SDE.Sites_2023,Polygon,collect
34,eDNA_Sample,SDE,FeatureClass,,FeatureClass,F:\GIS\DB_CONNECT\Collection.sde\SDE.eDNA_Sample,Point,collect
35,Bioassessment_sites_2023_H,SDE,FeatureClass,,FeatureClass,F:\GIS\DB_CONNECT\Collection.sde\SDE.Bioassessment_sites_2023_H,Point,collect
36,LCV_Backshore_Boundary,SDE,FeatureClass,LandCapabilityWebApp,FeatureClass,F:\GIS\DB_CONNECT\Collection.sde\SDE.LandCapabilityWebApp\SDE.LCV_Backshore_Boundary,Polyline,collect
37,LCV_Setback,SDE,FeatureClass,LandCapabilityWebApp,FeatureClass,F:\GIS\DB_CONNECT\Collection.sde\SDE.LandCapabilityWebApp\SDE.LCV_Setback,Polyline,collect
38,Land_Capability_Verification,SDE,FeatureClass,LandCapabilityWebApp,FeatureClass,F:\GIS\DB_CONNECT\Collection.sde\SDE.LandCapabilityWebApp\SDE.Land_Capability_Verification,Polygon,collect
39,RTP_All_Projects_Polygon,SDE,FeatureClass,RTP_Web_Map,FeatureClass,F:\GIS\DB_CONNECT\Collection.sde\SDE.RTP_Web_Map\SDE.RTP_All_Projects_Polygon,Polygon,collect
40,Parcel_Accela_Master,SDE,FeatureClass,Parcel,FeatureClass,F:\GIS\DB_CONNECT\Collection.sde\SDE.Parcel\SDE.Parcel_Accela_Master,Point,collect
41,Parcel_Accela_APO,SDE,FeatureClass,Parcel,FeatureClass,F:\GIS\DB_CONNECT\Collection.sde\SDE.Parcel\SDE.Parcel_Accela_APO,Point,collect
42,Parcel_Accela_Owner,SDE,FeatureClass,Parcel,FeatureClass,F:\GIS\DB_CONNECT\Collection.sde\SDE.Parcel\SDE.Parcel_Accela_Owner,Point,collect
43,Parcel_Accela_Address_ID,SDE,FeatureClass,Parcel,FeatureClass,F:\GIS\DB_CONNECT\Collection.sde\SDE.Parcel\SDE.Parcel_Accela_Address_ID,Point,collect
44,Parcel_Accela_Address,SDE,FeatureClass,Parcel,FeatureClass,F:\GIS\DB_CONNECT\Collection.sde\SDE.Parcel\SDE.Parcel_Accela_Address,Point,collect
45,Parcel_LTinfo_LCV,SDE,FeatureClass,Parcel,FeatureClass,F:\GIS\DB_CONNECT\Collection.sde\SDE.Parcel\SDE.Parcel_LTinfo_LCV,Polygon,collect
46,Parcel_Accela_GradingExceptions,SDE,FeatureClass,Parcel,FeatureClass,F:\GIS\DB_CONNECT\Collection.sde\SDE.Parcel\SDE.Parcel_Accela_GradingExceptions,Polygon,collect
47,Parcel_Accela_Historic,SDE,FeatureClass,Parcel,FeatureClass,F:\GIS\DB_CONNECT\Collection.sde\SDE.Parcel\SDE.Parcel_Accela_Historic,Polygon,collect
48,Parcel_Accela_LandCapabilityVerification,SDE,FeatureClass,Parcel,FeatureClass,F:\GIS\DB_CONNECT\Collection.sde\SDE.Parcel\SDE.Parcel_Accela_LandCapabilityVerification,Polygon,collect
49,Parcel_Accela_LCV_Challenge,SDE,FeatureClass,Parcel,FeatureClass,F:\GIS\DB_CONNECT\Collection.sde\SDE.Parcel\SDE.Parcel_Accela_LCV_Challenge,Polygon,collect
50,Parcel_Accela_SoilsHydro,SDE,FeatureClass,Parcel,FeatureClass,F:\GIS\DB_CONNECT\Collection.sde\SDE.Parcel\SDE.Parcel_Accela_SoilsHydro,Polygon,collect
51,Parcel_BMP,SDE,FeatureClass,Parcel,FeatureClass,F:\GIS\DB_CONNECT\Collection.sde\SDE.Parcel\SDE.Parcel_BMP,Polygon,collect
52,Parcel_LTinfo,SDE,FeatureClass,Parcel,FeatureClass,F:\GIS\DB_CONNECT\Collection.sde\SDE.Parcel\SDE.Parcel_LTinfo,Polygon,collect
53,Parcel_LTinfo_DeedRestriction,SDE,FeatureClass,Parcel,FeatureClass,F:\GIS\DB_CONNECT\Collection.sde\SDE.Parcel\SDE.Parcel_LTinfo_DeedRestriction,Polygon,collect
54,Parcel_LTinfo_DevelopmentRight_Banked,SDE,FeatureClass,Parcel,FeatureClass,F:\GIS\DB_CONNECT\Collection.sde\SDE.Parcel\SDE.Parcel_LTinfo_DevelopmentRight_Banked,Polygon,collect
55,Parcel_LTinfo_DevelopmentRight_Transacted_Banked,SDE,FeatureClass,Parcel,FeatureClass,F:\GIS\DB_CONNECT\Collection.sde\SDE.Parcel\SDE.Parcel_LTinfo_DevelopmentRight_Transacted_Banked,Polygon,collect
56,Parcel_LTinfo_IPES,SDE,FeatureClass,Parcel,FeatureClass,F:\GIS\DB_CONNECT\Collection.sde\SDE.Parcel\SDE.Parcel_LTinfo_IPES,Polygon,collect
57,Parcel_VHR,SDE,FeatureClass,Parcel,FeatureClass,F:\GIS\DB_CONNECT\Collection.sde\SDE.Parcel\SDE.Parcel_VHR,Polygon,collect
58,Parcel_Securities,SDE,FeatureClass,Parcel,FeatureClass,F:\GIS\DB_CONNECT\Collection.sde\SDE.Parcel\SDE.Parcel_Securities,Polygon,collect
59,Parcel_Development_Right_Transfer,SDE,FeatureClass,Parcel,FeatureClass,F:\GIS\DB_CONNECT\Collection.sde\SDE.Parcel\SDE.Parcel_Development_Right_Transfer,Polygon,collect
60,Parcel_Reporting_RBU,SDE,FeatureClass,Parcel,FeatureClass,F:\GIS\DB_CONNECT\Collection.sde\SDE.Parcel\SDE.Parcel_Reporting_RBU,Polygon,collect
61,Parcel_Reporting_ADU,SDE,FeatureClass,Parcel,FeatureClass,F:\GIS\DB_CONNECT\Collection.sde\SDE.Parcel\SDE.Parcel_Reporting_ADU,Polygon,collect
62,Parcels_USFS_LTBMU,SDE,FeatureClass,Parcel,FeatureClass,F:\GIS\DB_CONNECT\Collection.sde\SDE.Parcel\SDE.Parcels_USFS_LTBMU,Polygon,collect
63,Falcon_Site,SDE,FeatureClass,Survey,FeatureClass,F:\GIS\DB_CONNECT\Collection.sde\SDE.Survey\SDE.Falcon_Site,Point,collect
64,Noise_Photo,SDE,FeatureClass,Survey,FeatureClass,F:\GIS\DB_CONNECT\Collection.sde\SDE.Survey\SDE.Noise_Photo,Point,collect
65,Noise_Site,SDE,FeatureClass,Survey,FeatureClass,F:\GIS\DB_CONNECT\Collection.sde\SDE.Survey\SDE.Noise_Site,Point,collect
66,StreamBio_Site,SDE,FeatureClass,Survey,FeatureClass,F:\GIS\DB_CONNECT\Collection.sde\SDE.Survey\SDE.StreamBio_Site,Point,collect
67,EarthDay_Survey_2022,SDE,FeatureClass,Survey,FeatureClass,F:\GIS\DB_CONNECT\Collection.sde\SDE.Survey\SDE.EarthDay_Survey_2022,Point,collect
68,Osprey_Nest,SDE,FeatureClass,Survey,FeatureClass,F:\GIS\DB_CONNECT\Collection.sde\SDE.Survey\SDE.Osprey_Nest,Point,collect
69,Osprey_Nest_Photo,SDE,FeatureClass,Survey,FeatureClass,F:\GIS\DB_CONNECT\Collection.sde\SDE.Survey\SDE.Osprey_Nest_Photo,Point,collect
70,Osprey_Nest_Location,SDE,FeatureClass,Survey,FeatureClass,F:\GIS\DB_CONNECT\Collection.sde\SDE.Survey\SDE.Osprey_Nest_Location,Point,collect
71,sez_survey,SDE,FeatureClass,Survey,FeatureClass,F:\GIS\DB_CONNECT\Collection.sde\SDE.Survey\SDE.sez_survey,Point,collect
72,sez_channel_incision,SDE,FeatureClass,Survey,FeatureClass,F:\GIS\DB_CONNECT\Collection.sde\SDE.Survey\SDE.sez_channel_incision,Point,collect
73,sez_invasive_plant,SDE,FeatureClass,Survey,FeatureClass,F:\GIS\DB_CONNECT\Collection.sde\SDE.Survey\SDE.sez_invasive_plant,Point,collect
74,sez_photos,SDE,FeatureClass,Survey,FeatureClass,F:\GIS\DB_CONNECT\Collection.sde\SDE.Survey\SDE.sez_photos,Point,collect
75,sez_stream_headcut,SDE,FeatureClass,Survey,FeatureClass,F:\GIS\DB_CONNECT\Collection.sde\SDE.Survey\SDE.sez_stream_headcut,Point,collect
76,Stream_Erosion,SDE,FeatureClass,Survey,FeatureClass,F:\GIS\DB_CONNECT\Collection.sde\SDE.Survey\SDE.Stream_Erosion,Polyline,collect
77,NoiseMonitoring_Locations_2023,SDE,FeatureClass,Survey,FeatureClass,F:\GIS\DB_CONNECT\Collection.sde\SDE.Survey\SDE.NoiseMonitoring_Locations_2023,Point,collect
78,StreamBio_Photo,SDE,FeatureClass,Survey,FeatureClass,F:\GIS\DB_CONNECT\Collection.sde\SDE.Survey\SDE.StreamBio_Photo,Point,collect
79,Bioassessment_sites_2023,SDE,FeatureClass,Survey,FeatureClass,F:\GIS\DB_CONNECT\Collection.sde\SDE.Survey\SDE.Bioassessment_sites_2023,Point,collect
80,Streams_in_watershed,SDE,FeatureClass,Survey,FeatureClass,F:\GIS\DB_CONNECT\Collection.sde\SDE.Survey\SDE.Streams_in_watershed,Polyline,collect
81,Noise_Monitoring_Locations,SDE,FeatureClass,Survey,FeatureClass,F:\GIS\DB_CONNECT\Collection.sde\SDE.Survey\SDE.Noise_Monitoring_Locations,Point,collect
82,Mooring,SDE,FeatureClass,Moorings,FeatureClass,F:\GIS\DB_CONNECT\Collection.sde\SDE.Moorings\SDE.Mooring,Point,collect
83,MooringSurveyZone,SDE,FeatureClass,Moorings,FeatureClass,F:\GIS\DB_CONNECT\Collection.sde\SDE.Moorings\SDE.MooringSurveyZone,Polygon,collect
84,Project_Area_Parcels,SDE,FeatureClass,MountainToMarinaProject,FeatureClass,F:\GIS\DB_CONNECT\Collection.sde\SDE.MountainToMarinaProject\SDE.Project_Area_Parcels,Polygon,collect
85,Project_Feedback,SDE,FeatureClass,MountainToMarinaProject,FeatureClass,F:\GIS\DB_CONNECT\Collection.sde\SDE.MountainToMarinaProject\SDE.Project_Feedback,Polygon,collect
86,Mountain_to_Marina_Project_Boundary,SDE,FeatureClass,MountainToMarinaProject,FeatureClass,F:\GIS\DB_CONNECT\Collection.sde\SDE.MountainToMarinaProject\SDE.Mountain_to_Marina_Project_Boundary,Polygon,collect
87,Basins,SDE,FeatureClass,MountainToMarinaProject,FeatureClass,F:\GIS\DB_CONNECT\Collection.sde\SDE.MountainToMarinaProject\SDE.Basins,Polygon,collect
88,Drainage_Inlet,SDE,FeatureClass,MountainToMarinaProject,FeatureClass,F:\GIS\DB_CONNECT\Collection.sde\SDE.MountainToMarinaProject\SDE.Drainage_Inlet,Point,collect
89,Pipes,SDE,FeatureClass,MountainToMarinaProject,FeatureClass,F:\GIS\DB_CONNECT\Collection.sde\SDE.MountainToMarinaProject\SDE.Pipes,Polyline,collect
90,Stream_Restoration_Point_Edit,SDE,FeatureClass,LakeTahoeWest,FeatureClass,F:\GIS\DB_CONNECT\Collection.sde\SDE.LakeTahoeWest\SDE.Stream_Restoration_Point_Edit,Point,collect
91,Stream_Restoration_Polygon_Edit,SDE,FeatureClass,LakeTahoeWest,FeatureClass,F:\GIS\DB_CONNECT\Collection.sde\SDE.LakeTahoeWest\SDE.Stream_Restoration_Polygon_Edit,Polygon,collect
92,ProposedAction_Units,SDE,FeatureClass,LakeTahoeWest,FeatureClass,F:\GIS\DB_CONNECT\Collection.sde\SDE.LakeTahoeWest\SDE.ProposedAction_Units,Polygon,collect
93,ProposedAction_Analysis,SDE,FeatureClass,LakeTahoeWest,FeatureClass,F:\GIS\DB_CONNECT\Collection.sde\SDE.LakeTahoeWest\SDE.ProposedAction_Analysis,Polygon,collect
94,EIP_Clarity_Tracker_Projects,SDE,FeatureClass,LTInfo,FeatureClass,F:\GIS\DB_CONNECT\Collection.sde\SDE.LTInfo\SDE.EIP_Clarity_Tracker_Projects,Polygon,collect
95,LakeClarityProjects,SDE,FeatureClass,LTInfo,FeatureClass,F:\GIS\DB_CONNECT\Collection.sde\SDE.LTInfo\SDE.LakeClarityProjects,Point,collect
96,Calcium_Survey,SDE,FeatureClass,Calcium_Survey,FeatureClass,F:\GIS\DB_CONNECT\Collection.sde\SDE.Calcium_Survey\SDE.Calcium_Survey,Point,collect
97,Calcium_Sites,SDE,FeatureClass,Calcium_Survey,FeatureClass,F:\GIS\DB_CONNECT\Collection.sde\SDE.Calcium_Survey\SDE.Calcium_Sites,Point,collect
98,Identity_TRPABoundary_County_CSLT,SDE,FeatureClass,Planning,FeatureClass,F:\GIS\DB_CONNECT\Collection.sde\SDE.Planning\SDE.Identity_TRPABoundary_County_CSLT,Polygon,collect
99,TRPABoundary_County_CSLT,SDE,FeatureClass,Planning,FeatureClass,F:\GIS\DB_CONNECT\Collection.sde\SDE.Planning\SDE.TRPABoundary_County_CSLT,Polygon,collect
100,OverlayAnalysis_Parcel_NRCS_Coverage_BonusUnit,SDE,FeatureClass,Planning,FeatureClass,F:\GIS\DB_CONNECT\Collection.sde\SDE.Planning\SDE.OverlayAnalysis_Parcel_NRCS_Coverage_BonusUnit,Polygon,collect
101,Trails_Intercept_Survey_2021,SDE,FeatureClass,Recreation_Survey,FeatureClass,F:\GIS\DB_CONNECT\Collection.sde\SDE.Recreation_Survey\SDE.Trails_Intercept_Survey_2021,Point,collect
102,Trails_Survey_Location_2021,SDE,FeatureClass,Recreation_Survey,FeatureClass,F:\GIS\DB_CONNECT\Collection.sde\SDE.Recreation_Survey\SDE.Trails_Survey_Location_2021,Point,collect
103,Trails_Online_Survey,SDE,FeatureClass,Recreation_Survey,FeatureClass,F:\GIS\DB_CONNECT\Collection.sde\SDE.Recreation_Survey\SDE.Trails_Online_Survey,Point,collect
104,Trails_Online_Survey_Trailheads,SDE,FeatureClass,Recreation_Survey,FeatureClass,F:\GIS\DB_CONNECT\Collection.sde\SDE.Recreation_Survey\SDE.Trails_Online_Survey_Trailheads,Point,collect
105,Trails_Online_Survey_Spanish,SDE,FeatureClass,Recreation_Survey,FeatureClass,F:\GIS\DB_CONNECT\Collection.sde\SDE.Recreation_Survey\SDE.Trails_Online_Survey_Spanish,Point,collect
106,Trails_Survey_Spanish_Trailheads,SDE,FeatureClass,Recreation_Survey,FeatureClass,F:\GIS\DB_CONNECT\Collection.sde\SDE.Recreation_Survey\SDE.Trails_Survey_Spanish_Trailheads,Point,collect
107,AIS_Boating_Survey,SDE,FeatureClass,AIS_Boating_Survey,FeatureClass,F:\GIS\DB_CONNECT\Collection.sde\SDE.AIS_Boating_Survey\SDE.AIS_Boating_Survey,Point,collect
108,Active_Transportation_Survey,SDE,FeatureClass,Transportation,FeatureClass,F:\GIS\DB_CONNECT\Collection.sde\SDE.Transportation\SDE.Active_Transportation_Survey,Point,collect
109,Specific_location_feedback,SDE,FeatureClass,Transportation,FeatureClass,F:\GIS\DB_CONNECT\Collection.sde\SDE.Transportation\SDE.Specific_location_feedback,Point,collect
110,Channel_Incision_2022,SDE,FeatureClass,SEZ_Survey_Map,FeatureClass,F:\GIS\DB_CONNECT\Collection.sde\SDE.SEZ_Survey_Map\SDE.Channel_Incision_2022,Point,collect
111,Channel_Incision_2020,SDE,FeatureClass,SEZ_Survey_Map,FeatureClass,F:\GIS\DB_CONNECT\Collection.sde\SDE.SEZ_Survey_Map\SDE.Channel_Incision_2020,Point,collect
112,Channel_Incision_2019,SDE,FeatureClass,SEZ_Survey_Map,FeatureClass,F:\GIS\DB_CONNECT\Collection.sde\SDE.SEZ_Survey_Map\SDE.Channel_Incision_2019,Point,collect
113,Stream_Headcut_2022,SDE,FeatureClass,SEZ_Survey_Map,FeatureClass,F:\GIS\DB_CONNECT\Collection.sde\SDE.SEZ_Survey_Map\SDE.Stream_Headcut_2022,Point,collect
114,Stream_Headcut_2020,SDE,FeatureClass,SEZ_Survey_Map,FeatureClass,F:\GIS\DB_CONNECT\Collection.sde\SDE.SEZ_Survey_Map\SDE.Stream_Headcut_2020,Point,collect
115,Stream_Headcut_2019,SDE,FeatureClass,SEZ_Survey_Map,FeatureClass,F:\GIS\DB_CONNECT\Collection.sde\SDE.SEZ_Survey_Map\SDE.Stream_Headcut_2019,Point,collect
116,SEZ_Photo_2022,SDE,FeatureClass,SEZ_Survey_Map,FeatureClass,F:\GIS\DB_CONNECT\Collection.sde\SDE.SEZ_Survey_Map\SDE.SEZ_Photo_2022,Point,collect
117,SEZ_Photo_2020,SDE,FeatureClass,SEZ_Survey_Map,FeatureClass,F:\GIS\DB_CONNECT\Collection.sde\SDE.SEZ_Survey_Map\SDE.SEZ_Photo_2020,Point,collect
118,SEZ_Photo_2019,SDE,FeatureClass,SEZ_Survey_Map,FeatureClass,F:\GIS\DB_CONNECT\Collection.sde\SDE.SEZ_Survey_Map\SDE.SEZ_Photo_2019,Point,collect
119,Invasive_Species_2022,SDE,FeatureClass,SEZ_Survey_Map,FeatureClass,F:\GIS\DB_CONNECT\Collection.sde\SDE.SEZ_Survey_Map\SDE.Invasive_Species_2022,Point,collect
120,Invasive_Species_2020,SDE,FeatureClass,SEZ_Survey_Map,FeatureClass,F:\GIS\DB_CONNECT\Collection.sde\SDE.SEZ_Survey_Map\SDE.Invasive_Species_2020,Point,collect
121,Invasive_Species_2019,SDE,FeatureClass,SEZ_Survey_Map,FeatureClass,F:\GIS\DB_CONNECT\Collection.sde\SDE.SEZ_Survey_Map\SDE.Invasive_Species_2019,Point,collect
122,Stream_Erosion_Final_2022,SDE,FeatureClass,SEZ_Survey_Map,FeatureClass,F:\GIS\DB_CONNECT\Collection.sde\SDE.SEZ_Survey_Map\SDE.Stream_Erosion_Final_2022,Polyline,collect
123,Streambank_Erosion_2020,SDE,FeatureClass,SEZ_Survey_Map,FeatureClass,F:\GIS\DB_CONNECT\Collection.sde\SDE.SEZ_Survey_Map\SDE.Streambank_Erosion_2020,Polyline,collect
124,Streambank_Erosion_2019,SDE,FeatureClass,SEZ_Survey_Map,FeatureClass,F:\GIS\DB_CONNECT\Collection.sde\SDE.SEZ_Survey_Map\SDE.Streambank_Erosion_2019,Polyline,collect
125,SEZ_Assessment_Unit,SDE,FeatureClass,SEZ_Survey_Map,FeatureClass,F:\GIS\DB_CONNECT\Collection.sde\SDE.SEZ_Survey_Map\SDE.SEZ_Assessment_Unit,Polygon,collect
126,SEZAssessmentUnits_Target_2024,SDE,FeatureClass,SEZ_Survey_Map,FeatureClass,F:\GIS\DB_CONNECT\Collection.sde\SDE.SEZ_Survey_Map\SDE.SEZAssessmentUnits_Target_2024,Polygon,collect
127,LTBMU_2023_Treated_Invasives,SDE,FeatureClass,SEZ_Survey_Map,FeatureClass,F:\GIS\DB_CONNECT\Collection.sde\SDE.SEZ_Survey_Map\SDE.LTBMU_2023_Treated_Invasives,Polygon,collect
128,LTBMU_2023_Infestations_Invasives,SDE,FeatureClass,SEZ_Survey_Map,FeatureClass,F:\GIS\DB_CONNECT\Collection.sde\SDE.SEZ_Survey_Map\SDE.LTBMU_2023_Infestations_Invasives,Polygon,collect
129,SEZAssessmentUnits_Target_2025,SDE,FeatureClass,SEZ_Survey_Map,FeatureClass,F:\GIS\DB_CONNECT\Collection.sde\SDE.SEZ_Survey_Map\SDE.SEZAssessmentUnits_Target_2025,Polygon,collect
130,Scenic_Photo_Point,SDE,FeatureClass,Scenic,FeatureClass,F:\GIS\DB_CONNECT\Collection.sde\SDE.Scenic\SDE.Scenic_Photo_Point,Point,collect
131,TTD_SMART_TrafficCameraLocations,SDE,FeatureClass,Transportation_Planning,FeatureClass,F:\GIS\DB_CONNECT\Collection.sde\SDE.Transportation_Planning\SDE.TTD_SMART_TrafficCameraLocations,Point,collect
